peak,target_gene,target_Ensembl_ID,target_Uniprot_ID,target_Entrez_ID,CLIP_LFC,CLIP_p,RNA_LFC,RNA_p,Protein_LFC,Protein_p,rank_value
peak24646,Ctsd,ENSMUSG00000007891,P18242,13033,-0.0724229286993889,0.928050332416632,0.0164217259942305,0.922377393003971,0.00465723882252001,0.952402745734438,0.09350189351613941
peak24645,Ctsd,ENSMUSG00000007891,P18242,13033,-0.0748597205314463,0.932107724120845,0.0164217259942305,0.922377393003971,0.00465723882252001,0.952402745734438,0.0959386853481968
peak13382,Abhd17b,ENSMUSG00000047368,Q7M759,226016,0.0922289497575851,0.896853363726869,-0.00457587212074763,0.985739586454004,0.0070597656086768,0.932090009894896,0.10386458748700952
peak756,Rabif,ENSMUSG00000042229,Q91X96,98710,-0.14073515943731,0.868060082829167,0.0325573865894559,0.777266669471452,0.019021003066450302,0.734249378766992,0.19231354909321619
peak4792,Sptbn1,ENSMUSG00000020315,Q62261,20742,-0.104746134393589,0.878539555687935,0.0919345251357487,0.736330830646489,0.00861664943478171,0.771050585253211,0.2052973089641194
peak8061,Arf4,ENSMUSG00000021877,P61750,11843,-0.11192731021961,0.893317753479372,0.0440063510993055,0.790268324684774,-0.0600240810763703,0.102274197977163,0.2159577423952858
peak7000,Jarid2,ENSMUSG00000038518,Q62315,16468,-0.0316634815232344,0.973932898076098,-0.0650718400817209,0.713816830465992,0.130922421625723,0.327140120187943,0.2276577432306783
peak20965,Eif4h,ENSMUSG00000040731,Q9WUK2,22384,-0.0560126579204033,0.941252989413331,-0.0710634345502908,0.40044120148583,0.103896339061592,0.273536014079592,0.23097243153228608
peak10018,Kmt2d,ENSMUSG00000048154,Q6PDK2,381022,0.153247455913652,0.857628165598975,-0.0336383782371004,0.784266841304284,0.0518956319885566,0.112597674460323,0.23878146613930898
peak16985,Slc16a1,ENSMUSG00000032902,P53986,20501,0.0710949189637556,0.938572682962127,-0.0705574507818305,0.675280496397112,0.0973266501908532,0.168238965333528,0.23897901993643927
peak8378,Uchl3,ENSMUSG00000022111,Q9JKB1,50933,0.17051749300669,0.796673898076122,-0.0209022942787239,0.915247192019402,-0.0610225891649304,0.355899333075399,0.2524423764503443
peak15967,Ehf,ENSMUSG00000012350,O70273,13661,0.0462618816456666,0.959455281443052,0.165498375406564,0.515484633821836,-0.0477725132372997,0.489795992526031,0.2595327702895303
peak21846,Ing4,ENSMUSG00000030330,Q8C0D7,28019,-0.162441208418631,0.857325139573276,0.0801012080960098,0.635753449987259,-0.0231129482624291,0.865731192307903,0.2656553647770699
peak18102,Dhcr24,ENSMUSG00000034926,Q8VCH6,74754,0.0269361594316129,0.966208874166196,0.0489596573757008,0.756855079501567,0.202084101180795,0.0710361450526398,0.2779799179881087
peak27614,Mtm1,ENSMUSG00000031337,Q9Z2C5,17772,-0.205054453681475,0.70717583602947,0.0746352797351816,0.706609121137107,-0.00881221814664976,0.911683280584447,0.2885019515633064
peak15919,Slc35c1,ENSMUSG00000049922,Q8BLX4,228368,-0.0540502648538253,0.950646041023727,0.213803185787426,0.174486108146811,-0.0243771671355608,0.766290650833199,0.29223061777681214
peak5188,Cltc,ENSMUSG00000047126,Q68FD5,67300,-0.209420446880806,0.796673898076122,-0.0559978989219764,0.683427343498296,0.027747156973945,0.0889719963211394,0.29316550277672737
peak6445,Foxa1,ENSMUSG00000035451,P35582,15375,0.212691697758835,0.68599242423209,-0.0575830258333225,0.645322948480778,0.0311416273249926,0.677165976898048,0.3014163509171501
peak9210,Tmbim6,ENSMUSG00000023010,Q9D2C7,110213,-0.0215610728565627,0.976481695914169,0.235331551900605,0.0778159959666151,0.0513992482371043,0.188706574925817,0.308291872994272
peak21472,Znrf2,ENSMUSG00000058446,Q71FD5,387524,0.0755755237342131,0.906141632270434,0.150426446583407,0.628009564380379,0.094132382259071,0.248988299814443,0.3201343525766911
peak10293,Muc13,ENSMUSG00000022824,P19467,17063,-0.178496304038722,0.82157118411442,-0.02560202192688,0.89284344285408,-0.121882690967237,0.300078856029972,0.325981016932839
peak10952,Tmprss2,ENSMUSG00000000385,Q9JIQ8,50528,-0.220434589275372,0.68101056447242,-0.0268704504744088,0.816243016028819,-0.0797112543224033,0.32292352360689,0.3270162940721841
peak22592,Tpi1,ENSMUSG00000023456,P17751,21991,-0.0241176775846534,0.976481695914169,0.290138684813938,0.0676746152636453,-0.0182981671433771,0.509050754589385,0.3325545295419685
peak13551,Scd2,ENSMUSG00000025203,P13011,20250,-0.03976062699006,0.960126354689316,-0.280631757440578,0.345582468311916,0.0135222699569223,0.909220174175467,0.3339146543875603
peak13550,Scd2,ENSMUSG00000025203,P13011,20250,-0.0468936409397044,0.96171781373636,-0.280631757440578,0.345582468311916,0.0135222699569223,0.909220174175467,0.3410476683372047
peak23848,Rabac1,ENSMUSG00000003380,Q9Z0S9,14470,-0.114063694182638,0.907661727680302,-0.21019530926378,0.402099074014787,0.018879252924116,0.490476018915554,0.343138256370534
peak22347,Tet3,ENSMUSG00000034832,Q8BG87,194388,0.288766637639021,0.720410874264132,-0.0159293322915262,0.918501800206085,-0.042472312884077,0.672107317253302,0.3471682828146242
peak27422,Slc35a2,ENSMUSG00000031156,Q9R0M8,22232,0.136835459657021,0.850220992524421,0.112804472582366,0.560222962598254,-0.105321526617965,0.4929230148028,0.35496145885735203
peak10411,Usp25,ENSMUSG00000022867,P57080,30940,0.334916081880389,0.729393587778466,0.00373979925794197,0.930739978290351,0.0204105561207864,0.585177763100155,0.3590664372591174
peak20149,Mlxip,ENSMUSG00000038342,Q2VPU4,208104,0.262850566751218,0.706793069067624,-0.0804300915144099,0.555760609107429,-0.015796354598523,0.655920117358316,0.3590770128641509
peak23406,Tnrc6a,ENSMUSG00000052707,Q3UHK8,233833,0.0865698024540884,0.932838443760348,-0.241744595456303,0.236763906559055,-0.0335897965466502,0.62241404400685,0.3619041944570416
peak20238,Gigyf1,ENSMUSG00000029714,Q99MR1,57330,-0.128992598577412,0.887343128929741,-0.073282760020728,0.74426789200337,0.159739368311223,0.284751920569095,0.362014726909363
peak26818,Tmprss4,ENSMUSG00000032091,Q8VCA5,214523,-0.1346722830127,0.814382106532764,-0.213009387235627,0.284024335980201,0.0148713698744939,0.766207028487872,0.3625530401228209
peak13554,Scd2,ENSMUSG00000025203,P13011,20250,-0.088092695563122,0.915885150740086,-0.280631757440578,0.345582468311916,0.0135222699569223,0.909220174175467,0.3822467229606223
peak26511,Rpl14,ENSMUSG00000025794,Q9CR57,67115,-0.0282514758446362,0.976475863134068,-0.303299227483595,0.345504284576056,0.0537144771734573,0.439326236979724,0.3852651805016885
peak7125,Slc12a7,ENSMUSG00000017756,Q9WVL3,20499,0.159456889336933,0.824924243629708,-0.184559935744559,0.263422436191189,-0.0483657747833507,0.166717346611013,0.3923825998648427
peak12203,Mcfd2,ENSMUSG00000024150,Q8K5B2,193813,-0.0128506684568412,0.987122385819766,0.391960429890337,0.173610019873669,0.00443178772310717,0.965968601739647,0.40924288607028536
peak9527,Trappc9,ENSMUSG00000047921,Q3U0M1,76510,0.274733110564649,0.670452302641224,0.0669140808384595,0.722317631009959,0.0697479214436778,0.136714955191837,0.4113951128467863
peak4475,Slc9a3r1,ENSMUSG00000020733,P70441,26941,0.154037711352986,0.798937548841672,0.239021913657029,0.223682456962251,0.0218892605295951,0.742191113349646,0.4149488855396101
peak20396,Hadha,ENSMUSG00000025745,Q8BMS1,97212,-0.021963812099771,0.972148863824402,-0.376840536206554,0.0511770003107782,-0.0213340661379891,0.52684869327972,0.4201384144443141
peak27506,Uba1,ENSMUSG00000001924,Q02053,22201,-0.173621163954927,0.857628165598975,0.21244317863078,0.0990032490119952,-0.0380012339391344,0.128549173067563,0.4240655765248414
peak20250,Tsc22d4,ENSMUSG00000029723,Q9EQN3,78829,-0.312155182175972,0.650661093500679,0.0709315752499456,0.595279912468805,0.0488048826134928,0.632235657379691,0.4318916400394104
peak17969,Stx17,ENSMUSG00000061455,Q9D0I4,67727,-0.299742857204258,0.652931364956455,0.0234075339931024,0.837719166205921,-0.109881916526685,0.159910525949956,0.4330323077240454
peak15657,Surf4,ENSMUSG00000014867,Q64310,20932,-0.299172261975679,0.690975551167275,0.131600307110873,0.318230216493707,-0.0108449233142084,0.836805028278001,0.44161749240076037
peak21851,Chd4,ENSMUSG00000063870,Q6PDQ2,107932,0.368133418872927,0.629635950356173,0.0619238623008931,0.843196687701293,0.0161698467054097,0.746309138870293,0.4462271278792298
peak19777,Tmem128,ENSMUSG00000067365,Q9CZB9,66309,0.355336331551871,0.713886642497314,0.0907657644140579,0.509301209958087,0.007941749916889,0.931488211059066,0.4540438458828179
peak10948,Tmprss2,ENSMUSG00000000385,Q9JIQ8,50528,0.353365839330188,0.728075782945139,-0.0268704504744088,0.816243016028819,-0.0797112543224033,0.32292352360689,0.45994754412700006
peak18504,Rere,ENSMUSG00000039852,Q80TZ9,68703,0.425615911760653,0.551090993362092,0.00988386049010984,0.958436150899969,0.0293570907528752,0.746172154997814,0.46485686300363804
peak2135,Micu1,ENSMUSG00000020111,Q8VCX5,216001,-0.269139910132019,0.713634498851738,0.15987209811097,0.325020495875717,0.0360552384271898,0.272520121350275,0.46506724667017885
peak13006,Atp8b1,ENSMUSG00000039529,Q148W0,54670,-0.216931995653159,0.781196699910487,0.215252277868699,0.210669787178236,-0.0363727826149922,0.394996442307764,0.46855705613685017
peak931,Gpa33,ENSMUSG00000000544,Q9JKA5,59290,0.0874161241902883,0.915885150740086,0.340950511150101,0.118071653088428,0.0412031886600637,0.445578114080926,0.469569824000453
peak15923,Slc35c1,ENSMUSG00000049922,Q8BLX4,228368,0.240456485323363,0.738756013336659,0.213803185787426,0.174486108146811,-0.0243771671355608,0.766290650833199,0.47863683824634984
peak25392,Asah1,ENSMUSG00000031591,Q9WV54,11886,-0.036357750555118,0.967615962308679,0.413800681628162,0.181109307040021,-0.0325423377485752,0.281776002957092,0.4827007699318552
peak9271,Acvr1b,ENSMUSG00000000532,Q61271,11479,-0.194905776665385,0.824924243629708,0.281671450590517,0.178815002304363,-0.02328383341487,0.688966447844988,0.499861060670772
peak221,Nop58,ENSMUSG00000026020,Q6DFW4,55989,0.122728598835595,0.857628165598975,-0.281413718718392,0.182116304991103,0.0976731561636569,0.137395343925979,0.5018154737176439
peak10949,Tmprss2,ENSMUSG00000000385,Q9JIQ8,50528,-0.39805350198636,0.638874852270719,-0.0268704504744088,0.816243016028819,-0.0797112543224033,0.32292352360689,0.5046352067831721
peak10282,Zfp148,ENSMUSG00000022811,Q61624,22661,0.367740529166224,0.586760515289767,0.0958266408829279,0.540781302234445,0.0419479676702983,0.62611973463426,0.5055151377194502
peak5203,Cltc,ENSMUSG00000047126,Q68FD5,67300,-0.423378530670026,0.552042597665198,-0.0559978989219764,0.683427343498296,0.027747156973945,0.0889719963211394,0.5071235865659475
peak3674,Irf1,ENSMUSG00000018899,P15314,16362,0.133322412440639,0.884166556455054,-0.0995299252294446,0.622515148145552,-0.274711057994258,0.0591869510314811,0.5075633956643416
peak19820,Klf3,ENSMUSG00000029178,Q60980,16599,-0.107071495777006,0.905094571156851,0.39005332886139,0.059106055497445,0.0119891919150366,0.796773222239136,0.5091140165534326
peak9209,Tmbim6,ENSMUSG00000023010,Q9D2C7,110213,-0.223571823757093,0.683480392286804,0.235331551900605,0.0778159959666151,0.0513992482371043,0.188706574925817,0.5103026238948023
peak12831,Yipf5,ENSMUSG00000024487,Q9EQQ2,67180,-0.468614570119941,0.578671044521879,-0.00110644458031926,0.95563664967843,0.0407144708284373,0.381570603635571,0.5104354855286976
peak20171,Atp6v0a2,ENSMUSG00000038023,P15920,21871,0.287236293942307,0.717816910866998,-0.204587530329002,0.244277701777343,0.0190869679284707,0.766171328555511,0.5109107921997798
peak3371,Suox,ENSMUSG00000049858,Q8R086,211389,-0.278346840512363,0.732575327402987,-0.232754102418949,0.552501296769052,0.00195638286610925,0.986412105391848,0.5130573257974212
peak7828,Naip1,ENSMUSG00000021640,Q9QWK5,17940,0.0273753577982838,0.97356850164445,-0.337501167004638,0.30840982243855,0.150449995883127,0.174750533215487,0.5153265206860488
peak16987,Slc16a1,ENSMUSG00000032902,P53986,20501,0.350838530213788,0.68508843159733,-0.0705574507818305,0.675280496397112,0.0973266501908532,0.168238965333528,0.5187226311864718
peak24018,Kmt2b,ENSMUSG00000006307,O08550,75410,0.178986329092133,0.78722550487503,0.252186958937359,0.323099124312452,0.091620246661549,0.13359537413193,0.522793534691041
peak10959,Tmprss2,ENSMUSG00000000385,Q9JIQ8,50528,-0.416408167010985,0.564344883876316,-0.0268704504744088,0.816243016028819,-0.0797112543224033,0.32292352360689,0.5229898718077971
peak4972,Polr2a,ENSMUSG00000005198,P08775,20020,0.374136217145963,0.55846794434775,0.0942239776296355,0.767646353946843,0.0570638042376655,0.226010042410446,0.5254239990132641
peak18799,Klf4,ENSMUSG00000003032,Q60793,16600,0.0154103489304706,0.983427073572744,0.377554998314409,0.0747083576823847,-0.142379821938684,0.353717270909594,0.5353451691835636
peak27496,Kdm6a,ENSMUSG00000037369,O70546,22289,-0.013171316590613,0.986354384761994,0.357280621785726,0.24979633275919,-0.170712983655238,0.0550234224545668,0.541164922031577
peak11300,Slc44a4,ENSMUSG00000007034,Q91VA1,70129,0.234943815030008,0.769106146586531,0.0447190094161734,0.861433213378069,-0.262089111322772,0.110080678291631,0.5417519357689534
peak8179,Abhd4,ENSMUSG00000040997,Q8VD66,105501,0.175907122372186,0.857628165598975,0.244193669615159,0.117283634367735,0.123098985865885,0.172880826700456,0.54319977785323
peak9880,Plxnb2,ENSMUSG00000036606,B2RXS4,140570,0.408976092853014,0.507572249850467,-0.0686767372584786,0.675306761492024,0.0666200915520078,0.0762132110331579,0.5442729216635004
peak4287,Prr15l,ENSMUSG00000047040,Q8JZM2,217138,-0.283620311206046,0.681401446685333,0.145293463803423,0.271147750098315,0.116237174299162,0.0766979746339438,0.5451509493086311
peak19844,Klf3,ENSMUSG00000029178,Q60980,16599,0.14341612811722,0.878005061840156,0.39005332886139,0.059106055497445,0.0119891919150366,0.796773222239136,0.5454586488936466
peak3102,Ncln,ENSMUSG00000020238,Q8VCM8,103425,-0.398820761794861,0.610807982506483,-0.0670672235239447,0.634307553938226,0.079661304583579,0.0974914709779078,0.5455492899023847
peak12935,Slc26a2,ENSMUSG00000034320,Q62273,13521,0.114535198688217,0.882579497761819,0.365219685506102,0.148241199920549,-0.0658788200612045,0.742630469542072,0.5456337042555235
peak4512,Llgl2,ENSMUSG00000020782,Q3TJ91,217325,-0.494854991786799,0.575981291885009,-0.00697322860347086,0.974150251771632,-0.0463146729875538,0.127452901196066,0.5481428933778236
peak11577,Birc6,ENSMUSG00000024073,O88738,12211,-0.507547049033199,0.546285453661156,-0.00152927576695434,0.977510448516041,0.0393831402962745,0.122349056501348,0.548459465096428
peak18099,Usp24,ENSMUSG00000028514,B1AY13,329908,-0.302011463501454,0.665089899403126,0.241664772614745,0.141133778725593,-0.00592857369660444,0.694865036151441,0.5496048098128036
peak19798,Cd38,ENSMUSG00000029084,P56528,12494,0.0648870339422659,0.939418061963635,-0.356914034459682,0.354057414627877,-0.131273081663154,0.247508898631168,0.553074150065102
peak17171,Tpd52,ENSMUSG00000027506,Q62393,21985,0.332366350580629,0.55846794434775,0.159300233356914,0.216477080772036,-0.0625151563303017,0.0699328350578791,0.5541817402678447
peak13556,Scd2,ENSMUSG00000025203,P13011,20250,-0.268492078198176,0.691664673110997,-0.280631757440578,0.345582468311916,0.0135222699569223,0.909220174175467,0.5626461055956763
peak8175,Abhd4,ENSMUSG00000040997,Q8VD66,105501,-0.196322519156174,0.814382106532764,0.244193669615159,0.117283634367735,0.123098985865885,0.172880826700456,0.563615174637218
peak16402,Zfp217,ENSMUSG00000052056,Q3U0X6,228913,0.420044899415091,0.628925387135685,-0.10606993668864,0.45837791299504,-0.0382339741052811,0.550088226325563,0.5643488102090121
peak8063,Arf4,ENSMUSG00000021877,P61750,11843,0.463466396344282,0.543482558969978,0.0440063510993055,0.790268324684774,-0.0600240810763703,0.102274197977163,0.5674968285199578
peak3271,Tbc1d30,ENSMUSG00000052302,Q69ZT9,74694,-0.210623907047665,0.775270026651926,0.239650107328345,0.323642911876062,-0.118676871812792,0.178064265485851,0.568950886188802
peak12104,Khsrp,ENSMUSG00000007670,Q3U0V1,16549,-0.416929424684856,0.575981291885009,-0.136677130455348,0.415153739678507,0.019121140319244,0.684458512070879,0.572727695459448
peak15042,Duoxa2,ENSMUSG00000027225,Q9D311,66811,-0.121486412277821,0.835636913458933,-0.31488432578454,0.346277274381753,-0.139809415392187,0.247655981207756,0.5761801534545481
peak1672,Elf3,ENSMUSG00000003051,Q3UPW2,13710,-0.481915480069277,0.412666194201701,-0.0820096934822998,0.63084664561689,0.016110305774319,0.796121041748389,0.5800354793258958
peak10909,Synj1,ENSMUSG00000022973,Q8CHC4,104015,-0.269512319904403,0.669959772861992,0.272762562056459,0.122539132610093,-0.0395396451565594,0.484408210804434,0.5818145271174214
peak14680,Nek6,ENSMUSG00000026749,Q9ES70,59126,0.281290667464576,0.780179170489565,0.25444249443642,0.122483869636679,0.0476495217967295,0.557150828835091,0.5833826836977255
peak23293,Timm10b,ENSMUSG00000089847,Q9WV96,14356,-0.361618137784927,0.734534470525492,0.145559388622025,0.59301782023019,0.0767366118731873,0.42437896125645,0.5839141382801393
peak10014,Kmt2d,ENSMUSG00000048154,Q6PDK2,381022,0.499262431043495,0.53695946025625,-0.0336383782371004,0.784266841304284,0.0518956319885566,0.112597674460323,0.584796441269152
peak11871,Btbd9,ENSMUSG00000062202,Q8C726,224671,-0.225709191444665,0.798937548841672,0.320550974487792,0.0712558168650134,0.0411027780844858,0.715036020620814,0.5873629440169429
peak20262,Kdelr2,ENSMUSG00000079111,Q9CQM2,66913,0.505891864723082,0.379009574691097,-0.0227182476134036,0.87171774220394,-0.0607654390356139,0.635185433357995,0.5893755513720995
peak22266,Tgoln1,ENSMUSG00000056429,Q62313,22134,0.119542367787326,0.882441595151807,0.206610524642964,0.288456884266449,-0.263574411636606,0.059573218185521,0.589727304066896
peak101,Cnnm4,ENSMUSG00000037408,Q69ZF7,94220,0.132825299549643,0.87131673840047,0.329679731864508,0.121329519711861,-0.128864144646582,0.245534488074098,0.591369176060733
peak12931,Slc26a2,ENSMUSG00000034320,Q62273,13521,0.163949266821675,0.831899431090216,0.365219685506102,0.148241199920549,-0.0658788200612045,0.742630469542072,0.5950477723889814
peak14819,Dnajc10,ENSMUSG00000027006,Q9DC23,66861,-0.498737321054442,0.47345745994268,-0.0370306240988504,0.979611990217026,-0.0595692110037461,0.170531209260428,0.5953371561570385
peak25991,Cox5a,ENSMUSG00000000088,P12787,12858,-0.339586648021685,0.575981291885009,-0.191873486983863,0.147884061128517,-0.0677249884786048,0.565496358870951,0.5991851234841528
peak3101,Ncln,ENSMUSG00000020238,Q8VCM8,103425,-0.45499748146078,0.605405203950007,-0.0670672235239447,0.634307553938226,0.079661304583579,0.0974914709779078,0.6017260095683037
peak27801,Med14,ENSMUSG00000064127,A2ABV5,26896,-0.458585751065135,0.46306195520239,-0.0326762340819097,0.847980029377823,0.111074676357171,0.0767330591766153,0.6023366615042156
peak10950,Tmprss2,ENSMUSG00000000385,Q9JIQ8,50528,-0.498576539872399,0.583618590502015,-0.0268704504744088,0.816243016028819,-0.0797112543224033,0.32292352360689,0.6051582446692112
peak24730,Cln8,ENSMUSG00000026317,Q9QUK3,26889,0.325768085248235,0.683057841061336,0.235610709075232,0.486025994791994,0.0515360411072682,0.360950452821342,0.6129148354307351
peak3673,Irf1,ENSMUSG00000018899,P15314,16362,-0.239649156323128,0.679400241622339,-0.0995299252294446,0.622515148145552,-0.274711057994258,0.0591869510314811,0.6138901395468306
peak23051,Ldha,ENSMUSG00000063229,P06151,16828,-0.302258234707433,0.741058695710541,0.26266036876387,0.106562245426222,-0.0528134667016573,0.207978962871964,0.6177320701729603
peak959,Usf1,ENSMUSG00000026641,Q61069,22278,-0.520089448454124,0.501690639440005,-0.0549091579092939,0.779801111762292,-0.048249160245897,0.298709308071339,0.6232477666093148
peak14668,Gsn,ENSMUSG00000026879,P13020,227753,-0.163337611411458,0.842384666425638,0.384859309828953,0.299502068774837,-0.0804025162195194,0.532946045878477,0.6285994374599304
peak4789,Sptbn1,ENSMUSG00000020315,Q62261,20742,0.52834266926762,0.33609040821193,0.0919345251357487,0.736330830646489,0.00861664943478171,0.771050585253211,0.6288938438381504
peak26966,Tln2,ENSMUSG00000052698,Q71LX4,70549,-0.0610369799555084,0.94172614892415,0.541235919718222,0.130130094234188,0.0282802089346103,0.756551293474381,0.6305531086083407
peak1738,Cep350,ENSMUSG00000033671,E9Q309,74081,0.0365197248082393,0.970251573887236,0.512652767939761,0.134159647118857,-0.0828296747653128,0.294516909717673,0.6320021675133131
peak25369,Cnot7,ENSMUSG00000031601,Q60809,18983,0.393061352421863,0.634245184276475,0.188141841141961,0.32701711478177,0.0514553668993911,0.182000100326669,0.6326585604632151
peak2032,Stx7,ENSMUSG00000019998,O70439,53331,0.447455785475121,0.610807982506483,0.113308333632473,0.529571510231144,0.0848169279722507,0.0743918312501038,0.6455810470798448
peak5037,Abr,ENSMUSG00000017631,Q5SSL4,109934,-0.52502646472489,0.369437798403548,0.0850209569793135,0.598158782786461,0.0361836905916351,0.577944159367033,0.6462311122958386
peak3417,Ykt6,ENSMUSG00000002741,Q9CQW1,56418,0.505313441617905,0.552341654998975,0.131739426475065,0.196225956001598,0.0104304573426935,0.737652632487211,0.6474833254356636
peak12908,Slc26a2,ENSMUSG00000034320,Q62273,13521,-0.218056092162305,0.779889240474527,0.365219685506102,0.148241199920549,-0.0658788200612045,0.742630469542072,0.6491545977296115
peak5244,Abcc3,ENSMUSG00000020865,B2RX12,76408,-0.350179362066536,0.626840243596353,-0.273638662606748,0.304735361807856,0.0312281057880798,0.840790016535977,0.6550461304613638
peak27092,Phip,ENSMUSG00000032253,Q8VDD9,83946,-0.589847551804831,0.470248900523946,0.0514336501276435,0.834517876166876,-0.0213630042396331,0.515491685331391,0.6626442061721075
peak4510,Llgl2,ENSMUSG00000020782,Q3TJ91,217325,-0.611977175376489,0.395794768818286,-0.00697322860347086,0.974150251771632,-0.0463146729875538,0.127452901196066,0.6652650769675136
peak5184,Vmp1,ENSMUSG00000018171,Q99KU0,75909,-0.208784984048981,0.650611807729694,-0.392850752438176,0.107057315941571,0.0675464284189266,0.531569602013474,0.6691821649060835
peak2789,Tnfaip3,ENSMUSG00000019850,Q60769,21929,-0.582630674234,0.520454359231716,0.0307300145479456,0.774738699738331,0.0558645128796442,0.437743321690677,0.6692252016615897
peak3672,Irf1,ENSMUSG00000018899,P15314,16362,-0.29734853649149,0.668217483787986,-0.0995299252294446,0.622515148145552,-0.274711057994258,0.0591869510314811,0.6715895197151927
peak11629,Ttc7,ENSMUSG00000036918,Q8BGB2,225049,0.104325891253297,0.897577383159433,0.563883056495,0.065824638397515,-0.0089591525079375,0.916085338796696,0.6771681002562346
peak26195,Myo5c,ENSMUSG00000033590,E9Q1F5,208943,0.048044790484671,0.947888149186916,0.609883859813712,0.0977988589678778,0.0222524735043815,0.527549371168724,0.6801811238027645
peak8269,Ctsb,ENSMUSG00000021939,P10605,13030,-0.416298097778042,0.561182304475668,-0.26325599213376,0.0931246027422834,0.00239597312336389,0.96643790724425,0.6819500630351659
peak2295,Cdc34,ENSMUSG00000020307,Q8CFI2,216150,0.306935760685749,0.536171794937256,-0.0437713835858796,0.770294869387809,-0.331558413576954,0.193026080302785,0.6822655578485826
peak19808,Anapc4,ENSMUSG00000029176,Q91W96,52206,-0.565573711738181,0.432988644093098,0.0612810129980221,0.78377336430916,0.0601058899432031,0.206765477753077,0.6869606146794063
peak22279,Tgoln1,ENSMUSG00000056429,Q62313,22134,0.226882673257506,0.787023214555105,0.206610524642964,0.288456884266449,-0.263574411636606,0.059573218185521,0.697067609537076
peak8282,Ctsb,ENSMUSG00000021939,P10605,13030,0.432714684300977,0.632822702690427,-0.26325599213376,0.0931246027422834,0.00239597312336389,0.96643790724425,0.6983666495581009
peak941,Gpa33,ENSMUSG00000000544,Q9JKA5,59290,0.31679320494732,0.689801325438964,0.340950511150101,0.118071653088428,0.0412031886600637,0.445578114080926,0.6989469047574847
peak19824,Klf3,ENSMUSG00000029178,Q60980,16599,-0.29914674038708,0.659858355220808,0.39005332886139,0.059106055497445,0.0119891919150366,0.796773222239136,0.7011892611635065
peak14081,Stx3,ENSMUSG00000041488,Q64704,20908,-0.568140725137818,0.379278611869344,0.0079084904645819,0.966694388650416,0.126532655281436,0.0973892813442664,0.7025818708838358
peak18811,Klf4,ENSMUSG00000003032,Q60793,16600,0.187827250866884,0.768306047922332,0.377554998314409,0.0747083576823847,-0.142379821938684,0.353717270909594,0.707762071119977
peak2242,Zwint,ENSMUSG00000019923,Q9CQU5,52696,0.637780175036849,0.346987681996352,-0.0129337253910764,0.929804268978438,0.0618879340496117,0.50805386812024,0.7126018344775371
peak13357,Rfk,ENSMUSG00000024712,Q8CFV9,54391,0.461717261802443,0.591094237292878,0.251984824485717,0.289615628407482,0.00406852850169096,0.926425036036789,0.7177706147898509
peak26484,Golga4,ENSMUSG00000038708,Q91VW5,54214,-0.366438190241593,0.637323337307539,0.333975675972983,0.315905091928195,-0.0176551127204501,0.663275493825839,0.7180689789350261
peak26983,Gcnt3,ENSMUSG00000032226,Q5JCT0,72077,0.0819382332497783,0.897433463461134,0.445950194247409,0.264929109127131,-0.197511387336649,0.196493205819292,0.7253998148338363
peak27357,mt-Nd3,ENSMUSG00000064360,P03899,NA,0.336595566520368,0.649103662068695,-0.307991770395057,0.233659702760388,0.0898890050870943,0.571624468504334,0.7344763420025192
peak12899,Slc26a2,ENSMUSG00000034320,Q62273,13521,0.30379770482153,0.612464670734615,0.365219685506102,0.148241199920549,-0.0658788200612045,0.742630469542072,0.7348962103888365
peak24768,Gtf2e2,ENSMUSG00000031585,Q9D902,68153,-0.405518306385072,0.542954972047727,0.30010938033553203,0.121017448838884,0.0393838398360434,0.677488202827938,0.7450115265566475
peak20267,Kdelr2,ENSMUSG00000079111,Q9CQM2,66913,0.664746657203139,0.477928490957428,-0.0227182476134036,0.87171774220394,-0.0607654390356139,0.635185433357995,0.7482303438521565
peak22008,Etnk1,ENSMUSG00000030275,Q9D4V0,75320,0.199560260048285,0.796673898076122,0.485740476093032,0.0597655148039556,-0.0686894809357458,0.501130079309281,0.7539902170770628
peak8180,Oxa1l,ENSMUSG00000000959,Q8BGA9,69089,-0.515080972166633,0.428316257859856,-0.129721537507163,0.498543246481219,-0.114794255374602,0.219360763572608,0.7595967650483979
peak3099,Ncln,ENSMUSG00000020238,Q8VCM8,103425,-0.613785170215008,0.441797228572602,-0.0670672235239447,0.634307553938226,0.079661304583579,0.0974914709779078,0.7605136983225317
peak3103,Ncln,ENSMUSG00000020238,Q8VCM8,103425,0.616598522139528,0.517404932658412,-0.0670672235239447,0.634307553938226,0.079661304583579,0.0974914709779078,0.7633270502470517
peak3675,Irf1,ENSMUSG00000018899,P15314,16362,0.390613638941095,0.628925387135685,-0.0995299252294446,0.622515148145552,-0.274711057994258,0.0591869510314811,0.7648546221647976
peak3671,Irf1,ENSMUSG00000018899,P15314,16362,-0.393373594556728,0.579813703364693,-0.0995299252294446,0.622515148145552,-0.274711057994258,0.0591869510314811,0.7676145777804306
peak23685,Muc2,ENSMUSG00000025515,Q80Z19,17831,0.145053909167813,0.754243584807275,-0.292651295418335,0.126845592937162,-0.331840309933372,0.146304082409705,0.76954551451952
peak4291,Prr15l,ENSMUSG00000047040,Q8JZM2,217138,0.510283018157672,0.542598934768129,0.145293463803423,0.271147750098315,0.116237174299162,0.0766979746339438,0.771813656260257
peak18506,Rere,ENSMUSG00000039852,Q80TZ9,68703,-0.733645374771462,0.394966465276622,0.00988386049010984,0.958436150899969,0.0293570907528752,0.746172154997814,0.772886326014447
peak9113,Tnrc6b,ENSMUSG00000047888,Q8BKI2,213988,-0.567665449424133,0.225994753061532,-0.146564186652117,0.439620525976457,-0.0619300574577853,0.157635625997698,0.7761596935340354
peak10592,Crebbp,ENSMUSG00000022521,P45481,12914,-0.471286221660606,0.404222183316777,-0.301222784006969,0.114613737559108,0.00525531996416771,0.926879092597127,0.7777643256317427
peak20132,Pptc7,ENSMUSG00000038582,Q6NVE9,320717,0.485108426290814,0.610807982506483,0.217786137160517,0.305008929700837,0.0777510925836998,0.085472007787153,0.7806456560350309
peak9273,Acvr1b,ENSMUSG00000000532,Q61271,11479,-0.4777403352029,0.540966246048335,0.281671450590517,0.178815002304363,-0.02328383341487,0.688966447844988,0.782695619208287
peak3106,Gna11,ENSMUSG00000034781,P21278,14672,-0.653132176650952,0.333222619717947,-0.0657687820411143,0.722199357011982,-0.0773693453880335,0.214839885227783,0.7962703040800998
peak4183,Car4,ENSMUSG00000000805,Q64444,12351,0.407991692367792,0.620952082215042,0.119854730873689,0.455215102717467,-0.274236403283857,0.449391245396441,0.802082826525338
peak19789,Cd38,ENSMUSG00000029084,P56528,12494,-0.323187828667978,0.705399823950199,-0.356914034459682,0.354057414627877,-0.131273081663154,0.247508898631168,0.8113749447908141
peak19667,Hadhb,ENSMUSG00000059447,Q99JY0,231086,-0.408218296658824,0.561182304475668,-0.366649234212776,0.0589598923015855,-0.0367166488214105,0.297999190797788,0.8115841796930104
peak10954,Tmprss2,ENSMUSG00000000385,Q9JIQ8,50528,-0.711064647762662,0.253417359345517,-0.0268704504744088,0.816243016028819,-0.0797112543224033,0.32292352360689,0.8176463525594742
peak27559,Mcts1,ENSMUSG00000000355,Q9DB27,68995,0.58450719978714,0.494985301292965,-0.19070738252166,0.303448364358844,-0.0427445760485888,0.36142653304456,0.8179591583573889
peak10947,Tmprss2,ENSMUSG00000000385,Q9JIQ8,50528,0.718307495254867,0.298079703657706,-0.0268704504744088,0.816243016028819,-0.0797112543224033,0.32292352360689,0.8248892000516792
peak24024,Uba2,ENSMUSG00000052997,Q9Z1F9,50995,0.589184636501486,0.423828722531715,0.19680361732129,0.192507688835735,0.0503849135847789,0.188819162003544,0.836373167407555
peak12827,Nr3c1,ENSMUSG00000024431,P06537,14815,-0.623367777575535,0.454683951396747,-0.11540871026512,0.538976553831944,-0.100445076647348,0.0975616835063967,0.839221564488003
peak3682,Hint1,ENSMUSG00000020267,P70349,15254,-0.430274620420906,0.539645916521513,0.250080154382941,0.0778531359959463,-0.166426397611649,0.111797593943085,0.846781172415496
peak20044,Ankrd13a,ENSMUSG00000041870,Q80UP5,68420,-0.678766847361666,0.395959744159569,0.109613952147029,0.509166237628578,-0.0586123610750523,0.461071164088046,0.8469931605837473
peak5200,Cltc,ENSMUSG00000047126,Q68FD5,67300,-0.765029170490413,0.38562603454768,-0.0559978989219764,0.683427343498296,0.027747156973945,0.0889719963211394,0.8487742263863344
peak17172,Tpd52,ENSMUSG00000027506,Q62393,21985,0.628681576831057,0.498354309159123,0.159300233356914,0.216477080772036,-0.0625151563303017,0.0699328350578791,0.8504969665182727
peak25857,Smarca4,ENSMUSG00000032187,Q3TKT4,20586,-0.723793825655321,0.345840535794842,-0.112004992509981,0.25844270113823,-0.0273843968439022,0.591581226746327,0.8631832150092041
peak1724,Dhx9,ENSMUSG00000042699,O70133,13211,-0.508727161262906,0.505106059032658,0.260863262884933,0.123160982999043,0.0971755883269347,0.117127580251949,0.8667660124747737
peak8075,Fam208a,ENSMUSG00000040651,Q69ZR9,218850,0.435135160858866,0.646511513877149,0.333587341416365,0.112585008775688,0.098561878830115,0.0725557739972255,0.867284381105346
peak15652,Surf4,ENSMUSG00000014867,Q64310,20932,0.727478211217203,0.441323786505119,0.131600307110873,0.318230216493707,-0.0108449233142084,0.836805028278001,0.8699234416422844
peak12208,Mcfd2,ENSMUSG00000024150,Q8K5B2,193813,-0.481602210555283,0.51772640173177,0.391960429890337,0.173610019873669,0.00443178772310717,0.965968601739647,0.8779944281687272
peak8677,Cryl1,ENSMUSG00000021947,Q99KP3,68631,-0.568895844021253,0.487515320771951,-0.0446272411683729,0.830654304154309,-0.269004136678268,0.104082339004937,0.8825272218678939
peak20966,Eif4h,ENSMUSG00000040731,Q9WUK2,22384,-0.713152215947855,0.279478839827566,-0.0710634345502908,0.40044120148583,0.103896339061592,0.273536014079592,0.8881119895597379
peak18112,Dhcr24,ENSMUSG00000034926,Q8VCH6,74754,0.645239725799884,0.499601134784492,0.0489596573757008,0.756855079501567,0.202084101180795,0.0710361450526398,0.8962834843563798
peak20299,Arpc1a,ENSMUSG00000029621,Q9R0Q6,56443,0.643828719410465,0.4484692813681,0.248041313127631,0.0718645105183829,-0.00959774495438013,0.869210739766324,0.9014677774924762
peak1669,Elf3,ENSMUSG00000003051,Q3UPW2,13710,0.804111388458534,0.425771891326835,-0.0820096934822998,0.63084664561689,0.016110305774319,0.796121041748389,0.9022313877151529
peak25712,Fuk,ENSMUSG00000033703,Q7TMC8,234730,-0.873037024448315,0.336439466057655,-0.0133208682844086,0.998075318301894,0.028778183186419,0.622314546321467,0.9151360759191426
peak12319,Ammecr1l,ENSMUSG00000041915,Q8JZZ6,225339,-0.899710913531247,0.33147945499912,-0.00768141841383218,0.973826771695169,-0.00840799704809385,0.919410311971438,0.915800328993173
peak8553,Prkcd,ENSMUSG00000021948,P28867,18753,0.663606184570398,0.420494293997814,0.197979382083054,0.350602422253237,0.0545776221476269,0.306277989088054,0.9161631888010788
peak1668,Elf3,ENSMUSG00000003051,Q3UPW2,13710,0.820069174233778,0.288658084396938,-0.0820096934822998,0.63084664561689,0.016110305774319,0.796121041748389,0.9181891734903969
peak1995,Ifngr1,ENSMUSG00000020009,P15261,15979,-0.41623430455115,0.62693094248538,0.476993016090126,0.0739187130808938,0.0348421612386409,0.423503476528205,0.9280694818799169
peak1670,Elf3,ENSMUSG00000003051,Q3UPW2,13710,-0.832833763533295,0.172377907606259,-0.0820096934822998,0.63084664561689,0.016110305774319,0.796121041748389,0.9309537627899138
peak2759,Utrn,ENSMUSG00000019820,E9Q6R7,22288,-0.343724358479699,0.581474295969974,0.569490065115149,0.0643918205284989,0.0233323488172097,0.659259671697523,0.9365467724120577
peak26386,Slc25a20,ENSMUSG00000032602,Q9Z2Z6,57279,0.564237911310443,0.561393557739566,0.347230163235152,0.154753800226333,0.0316864031578055,0.658678158003303,0.9431544777034004
peak12608,Epg5,ENSMUSG00000039840,Q80TA9,100502841,-0.910542003363422,0.22457829913499,0.0302532938308577,0.962367914692046,-0.00355085881646397,0.932809565923154,0.9443461560107437
peak23647,Muc2,ENSMUSG00000025515,Q80Z19,17831,0.32036057028912,0.624218331655143,-0.292651295418335,0.126845592937162,-0.331840309933372,0.146304082409705,0.944852175640827
peak17661,Ostc,ENSMUSG00000041084,Q78XF5,66357,-0.686517520637877,0.264572590496882,-0.173734393062651,0.253477874588414,0.0856522482138491,0.111675351962513,0.9459041619143771
peak16345,Znfx1,ENSMUSG00000039501,Q8R151,98999,-0.598846409201246,0.305660396460375,-0.205453442063928,0.168825341775469,-0.148404445613518,0.0659231715475437,0.9527042968786921
peak7630,Ubqln1,ENSMUSG00000005312,Q8R317,56085,-0.70045258151111,0.21543099309691,-0.144145280569536,0.195906511323547,-0.110013007897298,0.614271967515235,0.954610869977944
peak26367,Qars,ENSMUSG00000032604,Q8BML9,97541,0.664053901568264,0.354747978503628,0.241900369394524,0.309579596560273,-0.0544105999436962,0.127592535969025,0.9603648709064843
peak12605,Atp5a1,ENSMUSG00000025428,Q03265,11946,-0.648041660930018,0.429176603908183,-0.187728196351353,0.232159968933517,-0.130430516674058,0.0749085776335835,0.966200373955429
peak3112,Gna11,ENSMUSG00000034781,P21278,14672,-0.830212705954768,0.305428555352355,-0.0657687820411143,0.722199357011982,-0.0773693453880335,0.214839885227783,0.9733508333839158
peak23660,Muc2,ENSMUSG00000025515,Q80Z19,17831,-0.355293282940772,0.55890594960135,-0.292651295418335,0.126845592937162,-0.331840309933372,0.146304082409705,0.979784888292479
peak3987,Mnt,ENSMUSG00000000282,O08789,17428,0.539369717348677,0.411502293170269,0.316265227584723,0.215037709185508,0.131552614441461,0.0759121728384356,0.9871875593748609
peak25922,Ddx6,ENSMUSG00000032097,P54823,13209,0.902609272653974,0.19795186623819,-0.00232630507069603,0.974354348473436,0.0909096663392783,0.120214144496543,0.9958452440639483
peak936,Gpa33,ENSMUSG00000000544,Q9JKA5,59290,0.61391170420824,0.412286976512285,0.340950511150101,0.118071653088428,0.0412031886600637,0.445578114080926,0.9960654040184047
peak13547,Scd2,ENSMUSG00000025203,P13011,20250,-0.708064737896166,0.28293855255352,-0.280631757440578,0.345582468311916,0.0135222699569223,0.909220174175467,1.0022187652936663
peak7376,Pfkp,ENSMUSG00000021196,Q9WUA3,56421,0.693103555393301,0.276591636569747,0.25225233382582,0.267896515665422,-0.0576056369719178,0.231455910181049,1.002961526191039
peak23398,Tnrc6a,ENSMUSG00000052707,Q3UHK8,233833,-0.730606471902497,0.358542441486374,-0.241744595456303,0.236763906559055,-0.0335897965466502,0.62241404400685,1.0059408639054501
peak2136,Micu1,ENSMUSG00000020111,Q8VCX5,216001,-0.812063237583254,0.269615844995957,0.15987209811097,0.325020495875717,0.0360552384271898,0.272520121350275,1.007990574121414
peak16811,Pi4kb,ENSMUSG00000038861,Q8BKC8,107650,0.880709896346096,0.348095178972964,-0.110657031024673,0.62563359261425,-0.0186252624751638,0.63880051716613,1.0099921898459328
peak9370,March6,ENSMUSG00000039100,Q6ZQ89,223455,0.94936225925809,0.326292040267981,0.0324922842094385,0.860662640300993,-0.0380119650553963,0.466363616288004,1.0198665085229248
peak7346,Hmgcs1,ENSMUSG00000093930,Q8JZK9,208715,-0.495906154373444,0.328546727231701,0.508186276607033,0.0512764180226032,0.0173062722724652,0.811304940617767,1.0213987032529424
peak1737,Cep350,ENSMUSG00000033671,E9Q309,74081,-0.431820328257694,0.636973128844925,0.512652767939761,0.134159647118857,-0.0828296747653128,0.294516909717673,1.0273027709627678
peak15003,Ckmt1,ENSMUSG00000000308,P30275,12716,-0.88453575157586,0.057684583299117,0.0493923455350104,0.734617805201208,-0.0961866198946763,0.454539291543959,1.0301147170055467
peak23550,Ppp2r2d,ENSMUSG00000041769,Q925E7,52432,-0.854606726020442,0.267254949364917,0.175463033072306,0.248263936294366,1.58905072360537e-4,0.997846594254737,1.0302286641651084
peak20904,Erp29,ENSMUSG00000029616,P57759,67397,0.955639008981579,0.31413535546502,-0.0504684432541263,0.791662037821424,-0.0281210312129808,0.516081128168296,1.0342284834486861
peak10001,Arf3,ENSMUSG00000051853,P61205,11842,-0.839436953569992,0.146206054481169,0.17932891498594,0.30750457065552,-0.0171560260820751,0.596925634845308,1.035921894638007
peak7602,Cltb,ENSMUSG00000047547,Q6IRU5,74325,0.777170837495587,0.36735775842604,-0.126914882544876,0.393018670759303,0.13360689515057,0.389451754998382,1.037692615191033
peak12983,Txnl1,ENSMUSG00000024583,Q8CDN6,53382,-0.842080795308525,0.188002154095466,0.0349946526281301,0.745254730056069,0.163340418734425,0.0940592141476506,1.04041586667108
peak23542,Acadsb,ENSMUSG00000030861,Q9DBL1,66885,0.826012430432317,0.194208149471857,0.06292058582867,0.677271960639234,-0.1567481507887,0.12267709140804,1.045681167049687
peak22355,Tet3,ENSMUSG00000034832,Q8BG87,194388,-0.991534481031259,0.0989066927368667,-0.0159293322915262,0.918501800206085,-0.042472312884077,0.672107317253302,1.049936126206862
peak3864,Trappc1,ENSMUSG00000049299,Q5NCF2,245828,0.911471221108638,0.116285663678467,-0.109889138055479,0.451914231566752,-0.0305653058301245,0.381194845999154,1.0519256649942414
peak12039,Cd2ap,ENSMUSG00000061665,Q9JLQ0,12488,-0.903123980339862,0.298079703657706,0.13367589413998,0.570891591446538,0.0157018515978966,0.743093465886268,1.0525017260777385
peak22835,Ethe1,ENSMUSG00000064254,Q9DCM0,66071,0.967952351875425,0.0524603491235796,0.0533884579484893,0.828676946242913,-0.03498360677888,0.864640023057066,1.0563244166027943
peak19298,Sytl1,ENSMUSG00000028860,Q99N80,269589,-0.210570599163745,0.784911902212361,0.609616542594549,0.136010131826204,-0.242109813983367,0.171711802398493,1.062296955741661
peak7344,Hmgcs1,ENSMUSG00000093930,Q8JZK9,208715,0.540398853833904,0.539645916521513,0.508186276607033,0.0512764180226032,0.0173062722724652,0.811304940617767,1.065891402713402
peak7066,Cdhr2,ENSMUSG00000034918,E9Q7P9,268663,-0.593576010022137,0.489061803371767,0.36693467805835,0.0540235473673968,0.114552035185748,0.382726493514447,1.075062723266235
peak8462,Tm9sf2,ENSMUSG00000025544,P58021,68059,0.901132847852447,0.273774812518965,-0.0177913396618588,0.921749596125416,-0.157084398153505,0.11090935446821,1.0760085856678108
peak11319,Neu1,ENSMUSG00000007038,O35657,18010,-0.767374520705018,0.218943775712668,-0.2681436775213,0.142111344855383,-0.0419992311483374,0.558481575335301,1.0775174293746554
peak9885,Plxnb2,ENSMUSG00000036606,B2RXS4,140570,-0.94354167148158,0.149193944414263,-0.0686767372584786,0.675306761492024,0.0666200915520078,0.0762132110331579,1.0788385002920664
peak5091,Supt6,ENSMUSG00000002052,Q62383,20926,-0.790776545569728,0.353332418659271,0.277817148192621,0.125839305731312,0.0131614500734945,0.780394692441119,1.0817551438358435
peak21452,Tax1bp1,ENSMUSG00000004535,Q3UKC1,52440,0.690286558641677,0.419969778322927,0.356377383952845,0.128676299299534,-0.0370423669444248,0.338463559462912,1.083706309538947
peak8050,Ppif,ENSMUSG00000021868,Q99KR7,105675,0.938076040942555,0.294616685586754,-4.89729520499679e-4,0.906856617392006,-0.146383841174103,0.0913779086815386,1.0849496116371578
peak10288,Muc13,ENSMUSG00000022824,P19467,17063,-0.939646741910066,0.158235283006324,-0.02560202192688,0.89284344285408,-0.121882690967237,0.300078856029972,1.087131454804183
peak20925,Atp2a2,ENSMUSG00000029467,O55143,11938,-0.834668318872578,0.266219376964718,0.205550931811947,0.23248812976367,0.0470191959476523,0.146158870871787,1.0872384466321772
peak27441,Tspan7,ENSMUSG00000058254,Q62283,21912,0.774167606568933,0.381048859033529,-0.195346161084465,0.386590345720227,0.128161422092866,0.283642558372198,1.097675189746264
peak26383,Slc25a20,ENSMUSG00000032602,Q9Z2Z6,57279,0.722109217170092,0.367980852427058,0.347230163235152,0.154753800226333,0.0316864031578055,0.658678158003303,1.1010257835630495
peak10957,Tmprss2,ENSMUSG00000000385,Q9JIQ8,50528,-0.997381982105127,0.109516741524393,-0.0268704504744088,0.816243016028819,-0.0797112543224033,0.32292352360689,1.103963686901939
peak25389,Asah1,ENSMUSG00000031591,Q9WV54,11886,0.657814048448828,0.453525704422853,0.413800681628162,0.181109307040021,-0.0325423377485752,0.281776002957092,1.1041570678255652
peak26978,Gcnt3,ENSMUSG00000032226,Q5JCT0,72077,-0.461768660863514,0.285889418818411,0.445950194247409,0.264929109127131,-0.197511387336649,0.196493205819292,1.105230242447572
peak20170,Atp6v0a2,ENSMUSG00000038023,P15920,21871,-0.882351505282412,0.189034889733544,-0.204587530329002,0.244277701777343,0.0190869679284707,0.766171328555511,1.1060260035398846
peak24743,Kat6a,ENSMUSG00000031540,Q8BZ21,244349,0.639272057216946,0.358010136015959,0.42153040314352,0.249750145842928,0.0470327338475926,0.413580058002677,1.1078351942080586
peak15475,Ncoa3,ENSMUSG00000027678,O09000,17979,-0.730078881436576,0.372796591657991,0.288432567515523,0.315328934063308,0.0925681643199582,0.108548777631145,1.1110796132720573
peak10951,Tmprss2,ENSMUSG00000000385,Q9JIQ8,50528,-1.00591563286912,0.366469279630131,-0.0268704504744088,0.816243016028819,-0.0797112543224033,0.32292352360689,1.112497337665932
peak19501,Espn,ENSMUSG00000028943,Q9ET47,56226,0.500069035469371,0.582898563042157,0.327271121004666,0.143176424179528,-0.286809596442271,0.284298543742105,1.114149752916308
peak15934,Cd82,ENSMUSG00000027215,P40237,12521,0.772583568527112,0.301440681104389,0.31942834144342,0.202955359108049,-0.0257942993252417,0.771753445969406,1.117806209295774
peak15921,Slc35c1,ENSMUSG00000049922,Q8BLX4,228368,-0.880408865991227,0.243333819048547,0.213803185787426,0.174486108146811,-0.0243771671355608,0.766290650833199,1.118589218914214
peak11686,Igf2r,ENSMUSG00000023830,Q07113,16004,-0.919716952093135,0.143283487993156,0.16043355599304,0.389736470124084,-0.0391651703530961,0.299475220663491,1.1193156784392713
peak22178,Hnrnpa2b1,ENSMUSG00000004980,O88569,53379,-0.713296736827772,0.445738477032591,-0.400637321640292,0.230944891377265,0.00964374652728099,0.841851517842758,1.1235778049953449
peak21845,Ing4,ENSMUSG00000030330,Q8C0D7,28019,-1.02520492708356,0.203453998431591,0.0801012080960098,0.635753449987259,-0.0231129482624291,0.865731192307903,1.1284190834419987
peak8631,Tep1,ENSMUSG00000006281,P97499,21745,-0.950191843645087,0.132568185596932,0.112828936688474,0.581902987121992,0.0682233186050359,0.365612518247944,1.1312440989385968
peak12900,Slc26a2,ENSMUSG00000034320,Q62273,13521,0.710192270183368,0.302490737553856,0.365219685506102,0.148241199920549,-0.0658788200612045,0.742630469542072,1.1412907757506745
peak21995,Golt1b,ENSMUSG00000030245,Q9CR60,66964,1.05332700781844,0.148660570404841,-0.0337797971207565,0.898714295836847,0.0569856622574244,0.605505065232447,1.1440924671966208
peak2672,Myo1a,ENSMUSG00000025401,O88329,432516,0.570389660573811,0.506830135415352,0.429716235539402,0.0927973711371647,-0.146159338907154,0.0774566399582736,1.146265235020367
peak4582,Syngr2,ENSMUSG00000048277,O55101,20973,0.932414006800161,0.33609040821193,0.208408244770791,0.0634537716202352,-0.0201033379432895,0.685948299205033,1.1609255895142416
peak8934,Fzd6,ENSMUSG00000022297,Q61089,14368,-0.353470556922989,0.670452302641224,0.543172544325371,0.119420115785165,0.264424092394873,0.0590090069257683,1.161067193643233
peak24934,Prkaca,ENSMUSG00000005469,P05132,18747,0.898457591384031,0.318612900363591,-0.165014788760415,0.269083212109215,-0.0990496493075307,0.11876717503403,1.162522029451977
peak1894,Fh1,ENSMUSG00000026526,P97807,14194,0.783025634523272,0.414986252007881,-0.284110508494007,0.266803015332288,-0.0972441407663628,0.0596845802314276,1.164380283783642
peak8734,Chmp7,ENSMUSG00000034190,Q8R1T1,105513,1.00177347401944,0.284784686506307,0.149041777649498,0.299746510654087,0.0149408606387805,0.690433599069009,1.1657561123077183
peak15630,Tubb4b,ENSMUSG00000036752,P68372,227613,1.07806083044161,0.229387108271696,-0.0465238730741205,0.723910805788289,-0.0413634455961443,0.406058876779874,1.1659481491118746
peak3109,Gna11,ENSMUSG00000034781,P21278,14672,-1.02429697130149,0.101783505303264,-0.0657687820411143,0.722199357011982,-0.0773693453880335,0.214839885227783,1.1674350987306379
peak5205,Cltc,ENSMUSG00000047126,Q68FD5,67300,-1.08631010615761,0.0748631217637473,-0.0559978989219764,0.683427343498296,0.027747156973945,0.0889719963211394,1.1700551620535313
peak13756,Atrnl1,ENSMUSG00000054843,Q6A051,226255,-0.852788533339295,0.384746291148362,0.211846639254136,0.274765272663215,0.120677524310858,0.107654960329315,1.185312696904289
peak15265,H13,ENSMUSG00000019188,Q9D8V0,14950,-0.962122001712911,0.113240092223403,-0.142071243407351,0.44267825593825,0.0891867596756554,0.0580919389284884,1.1933800047959173
peak15957,Ttc17,ENSMUSG00000027194,E9PVB5,74569,0.955348183315337,0.267695597042246,0.232255461450753,0.475155887328418,0.00929637942678705,0.71734885938077,1.196900024192877
peak12389,Cystm1,ENSMUSG00000046727,Q8K353,66060,0.948650077674266,0.121092968508692,-0.0768316916411028,0.543923439253677,0.171859594698286,0.460142153120846,1.1973413640136548
peak22344,Tet3,ENSMUSG00000034832,Q8BG87,194388,1.14797445701054,0.105186411625544,-0.0159293322915262,0.918501800206085,-0.042472312884077,0.672107317253302,1.206376102186143
peak25580,Aktip,ENSMUSG00000031667,Q64362,14339,0.873870410091797,0.123877204809825,0.242554023723927,0.347444361786808,0.0929386466956531,0.0947639025710585,1.2093630805113773
peak22283,Tgoln1,ENSMUSG00000056429,Q62313,22134,0.739635337660539,0.079401985908277,0.206610524642964,0.288456884266449,-0.263574411636606,0.059573218185521,1.209820273940109
peak15474,Ncoa3,ENSMUSG00000027678,O09000,17979,-0.829246255304287,0.193940930871318,0.288432567515523,0.315328934063308,0.0925681643199582,0.108548777631145,1.2102469871397683
peak7650,Golm1,ENSMUSG00000021556,Q91XA2,105348,0.564983887520278,0.381048859033529,0.499719838051405,0.0700438392192977,-0.147709154508248,0.152415424719622,1.212412880079931
peak7873,Pik3r1,ENSMUSG00000041417,P26450,18708,-1.15884919487495,0.141815651603727,0.0113072941246636,0.978286211893894,0.0436603479533924,0.28359354243278,1.213816836953006
peak13161,Ppp1r14b,ENSMUSG00000056612,Q62084,18938,0.900447448722264,0.230076262225465,-0.206023248605834,0.416622536019181,0.108682239477397,0.102753997883627,1.215152936805495
peak22957,Ech1,ENSMUSG00000053898,O35459,51798,-0.801014116947974,0.284933461413982,-0.375602500804451,0.131380164700318,0.0398220963019066,0.449011147988388,1.2164387140543316
peak2455,Slc5a8,ENSMUSG00000020062,Q8BYF6,216225,-0.3171681766522,0.60234586462506,-0.303040707019367,0.0663657783894091,-0.596802616387398,0.0960851505996017,1.2170115000589647
peak19039,Cpt2,ENSMUSG00000028607,P52825,12896,0.828698636134671,0.127513748704072,-0.305338104651822,0.16810728532636,-0.0866051251631382,0.0727281347431374,1.2206418659496312
peak2445,Arl1,ENSMUSG00000060904,P61211,104303,1.09336595098231,0.103144228822669,-0.0966659994886789,0.67592781714035,-0.0306630682857589,0.316661822011972,1.2206950187567478
peak12764,Etf1,ENSMUSG00000024360,Q8BWY3,225363,1.16378682640238,0.0691885855475441,0.0314134323033953,0.785603687392734,-0.027232086594066,0.482784905398644,1.2224323452998413
peak18798,Klf4,ENSMUSG00000003032,Q60793,16600,-0.708361473232455,0.424489666346261,0.377554998314409,0.0747083576823847,-0.142379821938684,0.353717270909594,1.228296293485548
peak12158,Fez2,ENSMUSG00000056121,Q6TYB5,225020,1.08266670080848,0.111507296227552,-0.0459427053416035,0.762940118305663,0.101799509149607,0.0953908572992019,1.2304089152996904
peak27594,Fhl1,ENSMUSG00000023092,P97447,14199,-0.227816990918629,0.772429412230317,0.796783161345834,0.095663194772217,-0.208193653297515,0.232379255827958,1.232793805561978
peak12933,Slc26a2,ENSMUSG00000034320,Q62273,13521,0.812418272992319,0.305660396460375,0.365219685506102,0.148241199920549,-0.0658788200612045,0.742630469542072,1.2435167785596255
peak22715,Ergic2,ENSMUSG00000030304,Q9CR89,67456,-1.0724118636963,0.221470939836369,0.108507278235141,0.613958036653741,0.0707237331265083,0.143883556843445,1.2516428750579494
peak12881,Ndst1,ENSMUSG00000054008,Q3UHN9,15531,-1.08898868335058,0.206884925289421,-0.158592484957989,0.525045723601096,0.00773552821077396,0.81347442212732,1.255316696519343
peak14842,Kbtbd4,ENSMUSG00000005505,Q8R179,67136,-0.910466069111596,0.11956639206274,-0.324551570174164,0.26596178246698,-0.0269409752631078,0.692550426959769,1.2619586145488677
peak15924,Slc35c1,ENSMUSG00000049922,Q8BLX4,228368,1.02592385370129,0.165412559806199,0.213803185787426,0.174486108146811,-0.0243771671355608,0.766290650833199,1.264104206624277
peak20236,Gigyf1,ENSMUSG00000029714,Q99MR1,57330,-1.03299625713457,0.179385435992773,-0.073282760020728,0.74426789200337,0.159739368311223,0.284751920569095,1.266018385466521
peak20228,Gigyf1,ENSMUSG00000029714,Q99MR1,57330,-1.0377515594907,0.0849292588431704,-0.073282760020728,0.74426789200337,0.159739368311223,0.284751920569095,1.270773687822651
peak21989,Pde3a,ENSMUSG00000041741,Q9Z0X4,54611,1.11321782653482,0.277025359737092,-0.0211727945281815,0.915983303597707,-0.153065039073507,0.219325856529937,1.2874556601365086
peak4949,Kdm6b,ENSMUSG00000018476,Q5NCY0,216850,0.797078760233785,0.370141060243781,0.372146353996518,0.11412350555459,0.121089066015379,0.21480034888741,1.290314180245682
peak10902,Cct8,ENSMUSG00000025613,P42932,12469,-1.16056993609319,0.150332113188911,0.0546112476174392,0.763935102203678,0.0802333848293225,0.0629071587484263,1.2954145685399516
peak17462,Hao2,ENSMUSG00000027870,Q9NYQ2,56185,-0.501055417347737,0.543482558969978,0.233462157801903,0.521125039611652,-0.561531770846628,0.179382573148216,1.296049345996268
peak6553,Entpd5,ENSMUSG00000021236,Q9WUZ9,12499,0.512512166556642,0.575981291885009,-0.501555817973053,0.0778438679023722,-0.282652343154026,0.191433084222068,1.296720327683721
peak20303,Arpc1a,ENSMUSG00000029621,Q9R0Q6,56443,-1.03991315225363,0.0620213613120212,0.248041313127631,0.0718645105183829,-0.00959774495438013,0.869210739766324,1.2975522103356412
peak1294,Nab1,ENSMUSG00000002881,Q61122,17936,0.826312169702299,0.239946211237471,0.379763668646734,0.0936537588025207,0.0950382945241006,0.272348104982227,1.3011141328731337
peak3381,Mettl7b,ENSMUSG00000025347,Q9DD20,71664,0.41880170126297,0.602692839475525,-0.698471133915742,0.0782496561392997,-0.196709632502582,0.596254121176992,1.313982467681294
peak15631,Tubb4b,ENSMUSG00000036752,P68372,227613,-1.23334900067633,0.0878782292842502,-0.0465238730741205,0.723910805788289,-0.0413634455961443,0.406058876779874,1.3212363193465946
peak26985,Gcnt3,ENSMUSG00000032226,Q5JCT0,72077,0.680975806121482,0.437936809220209,0.445950194247409,0.264929109127131,-0.197511387336649,0.196493205819292,1.32443738770554
peak23845,Rabac1,ENSMUSG00000003380,Q9Z0S9,14470,1.09554046476821,0.144331088423143,-0.21019530926378,0.402099074014787,0.018879252924116,0.490476018915554,1.3246150269561061
peak23239,Ucp2,ENSMUSG00000033685,P70406,22228,0.880961481305007,0.26796857962676,-0.253368416053114,0.211583009219358,-0.194353309684529,0.182150674641146,1.3286832070426497
peak26990,Gcnt3,ENSMUSG00000032226,Q5JCT0,72077,0.689648260349431,0.324636798443728,0.445950194247409,0.264929109127131,-0.197511387336649,0.196493205819292,1.333109841933489
peak20304,Arpc1a,ENSMUSG00000029621,Q9R0Q6,56443,1.0786824437839,0.197308066296075,0.248041313127631,0.0718645105183829,-0.00959774495438013,0.869210739766324,1.3363215018659111
peak8558,Prkcd,ENSMUSG00000021948,P28867,18753,-1.08983320066431,0.126559441336142,0.197979382083054,0.350602422253237,0.0545776221476269,0.306277989088054,1.342390204894991
peak9269,Acvr1b,ENSMUSG00000000532,Q61271,11479,-1.04252463501546,0.102007650116808,0.281671450590517,0.178815002304363,-0.02328383341487,0.688966447844988,1.347479919020847
peak23698,Dhcr7,ENSMUSG00000058454,O88455,13360,1.04605562036599,0.268044260368822,0.189077333413419,0.566579199548381,0.113926314210247,0.153456617930135,1.349059267989656
peak22110,Mtpn,ENSMUSG00000029840,P62774,14489,-1.05234144085016,0.229757331351025,0.160675237725118,0.206296694977157,0.159351660405352,0.253673407564778,1.3723683389806298
peak15938,Cd82,ENSMUSG00000027215,P40237,12521,1.03693078575527,0.174745895594211,0.31942834144342,0.202955359108049,-0.0257942993252417,0.771753445969406,1.382153426523932
peak3388,Mettl7b,ENSMUSG00000025347,Q9DD20,71664,0.491119010547205,0.381920157639574,-0.698471133915742,0.0782496561392997,-0.196709632502582,0.596254121176992,1.386299776965529
peak2551,Mgat4c,ENSMUSG00000019888,Q9D306,67569,0.850524645865947,0.441323786505119,-0.223343409704923,0.467861323232628,-0.314137567239696,0.255710237487852,1.388005622810566
peak27470,Ddx3x,ENSMUSG00000000787,Q62167,13205,1.3344828572086,0.201333511427335,0.00826707217574213,0.989675330568048,-0.0526716361754215,0.302205044031737,1.3954215655597637
peak9291,Acvr1b,ENSMUSG00000000532,Q61271,11479,-1.09088555430473,0.120893984024406,0.281671450590517,0.178815002304363,-0.02328383341487,0.688966447844988,1.3958408383101168
peak16981,Slc16a1,ENSMUSG00000032902,P53986,20501,1.23380197186453,0.179385435992773,-0.0705574507818305,0.675280496397112,0.0973266501908532,0.168238965333528,1.4016860728372136
peak22336,Hk2,ENSMUSG00000000628,O08528,15277,1.09279984445402,0.223029170273726,0.282355676772306,0.707614482592521,0.0323796721988208,0.355947601159512,1.4075351934251468
peak3681,Hint1,ENSMUSG00000020267,P70349,15254,-0.992922788854394,0.0784243822723254,0.250080154382941,0.0778531359959463,-0.166426397611649,0.111797593943085,1.409429340848984
peak11691,Igf2r,ENSMUSG00000023830,Q07113,16004,1.21478322851567,0.202825509482634,0.16043355599304,0.389736470124084,-0.0391651703530961,0.299475220663491,1.4143819548618062
peak10449,Gabpa,ENSMUSG00000008976,Q00422,14390,-1.20764793888078,0.111265503965318,0.158051023552646,0.44201365953899,0.0495708431796122,0.270885694262843,1.4152698056130382
peak18797,Klf4,ENSMUSG00000003032,Q60793,16600,0.899114276770449,0.194631560548234,0.377554998314409,0.0747083576823847,-0.142379821938684,0.353717270909594,1.419049097023542
peak18812,Klf4,ENSMUSG00000003032,Q60793,16600,0.908257612950836,0.260629164315276,0.377554998314409,0.0747083576823847,-0.142379821938684,0.353717270909594,1.428192433203929
peak26973,Gcnt3,ENSMUSG00000032226,Q5JCT0,72077,0.793199365317214,0.199943559188896,0.445950194247409,0.264929109127131,-0.197511387336649,0.196493205819292,1.4366609469012719
peak13424,Ric1,ENSMUSG00000038658,Q69ZJ7,226089,-1.18666138817634,0.103873230313246,0.229048493698683,0.18363734888091,-0.0274089611008428,0.69735513528754,1.4431188429758657
peak4956,Kdm6b,ENSMUSG00000018476,Q5NCY0,216850,-0.952063675643331,0.229757331351025,0.372146353996518,0.11412350555459,0.121089066015379,0.21480034888741,1.445299095655228
peak2546,Mgat4c,ENSMUSG00000019888,Q9D306,67569,0.908674798512242,0.178795076512638,-0.223343409704923,0.467861323232628,-0.314137567239696,0.255710237487852,1.446155775456861
peak10323,Mylk,ENSMUSG00000022836,Q6PDN3,107589,0.609261812167067,0.483766815931657,0.401718183010467,0.139986192322712,-0.447089319158542,0.15964997910619,1.458069314336076
peak23524,Dmbt1,ENSMUSG00000047517,Q60997,12945,-0.832372894985136,0.41137910020354,0.273826204793325,0.659087540148943,-0.353902364540604,0.0670367774684227,1.4601014643190648
peak18562,Rps20,ENSMUSG00000028234,P60867,67427,1.16972016397547,0.0986455385855044,-0.0834467526790919,0.613910691683192,-0.207817059053197,0.343827746825904,1.4609839757077587
peak5950,Slc26a3,ENSMUSG00000001225,Q9WVC8,13487,1.00014163829596,0.309833848089445,0.250783357598031,0.250149580013572,-0.210873247798537,0.669270512762556,1.4617982436925279
peak18802,Klf4,ENSMUSG00000003032,Q60793,16600,-0.943093282610966,0.0937359028042672,0.377554998314409,0.0747083576823847,-0.142379821938684,0.353717270909594,1.463028102864059
peak17521,Magi3,ENSMUSG00000052539,Q9EQJ9,99470,0.857020921918882,0.322032746404215,0.575847992923545,0.0608212248798686,-0.0312979208091477,0.145431774007155,1.464166835651575
peak6549,Entpd5,ENSMUSG00000021236,Q9WUZ9,12499,0.680786058916507,0.410118151708123,-0.501555817973053,0.0778438679023722,-0.282652343154026,0.191433084222068,1.4649942200435861
peak25993,Cox5a,ENSMUSG00000000088,P12787,12858,1.20911060496055,0.144054760123613,-0.191873486983863,0.147884061128517,-0.0677249884786048,0.565496358870951,1.4687090804230178
peak14818,Dnajc10,ENSMUSG00000027006,Q9DC23,66861,-1.37284815291582,0.0712779309885795,-0.0370306240988504,0.979611990217026,-0.0595692110037461,0.170531209260428,1.4694479880184166
peak16309,Slpi,ENSMUSG00000017002,P97430,20568,-1.00478566155184,0.237517024329708,0.424441120181348,0.48521100879243,0.0405496723345175,0.799775778172771,1.4697764540677056
peak7653,Golm1,ENSMUSG00000021556,Q91XA2,105348,-0.823508586217664,0.34359414316806,0.499719838051405,0.0700438392192977,-0.147709154508248,0.152415424719622,1.4709375787773171
peak26988,Gcnt3,ENSMUSG00000032226,Q5JCT0,72077,0.829834820694488,0.165412559806199,0.445950194247409,0.264929109127131,-0.197511387336649,0.196493205819292,1.473296402278546
peak26197,Myo5c,ENSMUSG00000033590,E9Q1F5,208943,-0.851281620986781,0.138218424415112,0.609883859813712,0.0977988589678778,0.0222524735043815,0.527549371168724,1.4834179543048744
peak12418,Dcp2,ENSMUSG00000024472,Q9CYC6,70640,-1.05996246196295,0.18037973145257,-0.337956263430716,0.171355251670338,0.0891058801075207,0.434161971578194,1.4870246055011866
peak3779,Dhrs7b,ENSMUSG00000042569,Q99J47,216820,-1.23928245170895,0.135718624408354,0.216540811563711,0.385123402115196,0.0329964851827925,0.316914354571581,1.4888197484554535
peak14710,Cers6,ENSMUSG00000027035,Q8C172,241447,1.47452868751719,0.0752762901530291,-0.018040193677233,0.925558067572751,0.00301215911634331,0.97462935563461806,1.495581040310766
peak18962,Lrrc19,ENSMUSG00000049799,Q8BZT5,100061,1.28730160748806,0.08038298900685,6.56863886960113e-4,0.99985384778984,-0.208865345043918,0.129900957781076,1.4968238164189382
peak25666,Atp6v0d1,ENSMUSG00000013160,P51863,11972,-1.26507326495428,0.124584908495792,0.194956486620511,0.248204483535895,-0.0429101189394876,0.318870046089729,1.5029398705142785
peak25577,N4bp1,ENSMUSG00000031652,Q6A037,80750,-1.19290956983186,0.0821013679974525,-0.290890059628422,0.0608476020189426,-0.0244723760923221,0.618201224978372,1.508272005552604
peak26378,Slc25a20,ENSMUSG00000032602,Q9Z2Z6,57279,-1.13008132640944,0.226625231520819,0.347230163235152,0.154753800226333,0.0316864031578055,0.658678158003303,1.5089978928023975
peak10234,Lpp,ENSMUSG00000033306,Q8BFW7,210126,1.09273601152547,0.208276069744128,0.329926628733281,0.104410348005372,0.0907527584182087,0.384582605254038,1.5134153986769596
peak1673,Elf3,ENSMUSG00000003051,Q3UPW2,13710,-1.42536651988591,0.0624779026535161,-0.0820096934822998,0.63084664561689,0.016110305774319,0.796121041748389,1.5234865191425289
peak25065,Hsd11b2,ENSMUSG00000031891,P51661,15484,-0.876536580456922,0.144522919121128,0.402620710338155,0.0651961422863876,-0.254351429830286,0.151267207299813,1.533508720625363
peak24383,Rhog,ENSMUSG00000073982,P84096,56212,-1.35488918842779,0.0513620332157063,0.155117772919302,0.373938963981973,0.0266721612600431,0.624592882447091,1.5366791226071352
peak23405,Tnrc6a,ENSMUSG00000052707,Q3UHK8,233833,1.26139319126961,0.130327822146819,-0.241744595456303,0.236763906559055,-0.0335897965466502,0.62241404400685,1.5367275832725633
peak26380,Slc25a20,ENSMUSG00000032602,Q9Z2Z6,57279,-1.15860399580593,0.0826430030186836,0.347230163235152,0.154753800226333,0.0316864031578055,0.658678158003303,1.5375205621988874
peak22586,Tpi1,ENSMUSG00000023456,P17751,21991,1.23040521830677,0.189531615687678,0.290138684813938,0.0676746152636453,-0.0182981671433771,0.509050754589385,1.538842070264085
peak6762,Akr1c13,ENSMUSG00000021213,Q8VC28,27384,-1.24968976278775,0.109429925628301,0.162789567997286,0.504869552568557,-0.134471062440029,0.0650664559703712,1.5469503932250648
peak19794,Cd38,ENSMUSG00000029084,P56528,12494,-1.06410539609154,0.0910332356041312,-0.356914034459682,0.354057414627877,-0.131273081663154,0.247508898631168,1.552292512214376
peak6497,Atp6v1d,ENSMUSG00000021114,P57746,73834,-1.38302102657731,0.0671171700451311,-0.111422241086354,0.532245025287394,-0.06296805683752,0.313919079552156,1.5574113245011838
peak26493,Ctdspl,ENSMUSG00000047409,P58465,69274,1.3350640346709,0.0946550433900329,-0.134179379608945,0.528348701082265,-0.102717110004812,0.428306352112721,1.571960524284657
peak26303,Slco2a1,ENSMUSG00000032548,Q9EPT5,24059,1.19913599774818,0.219954889671989,0.350376304616518,0.42645102646232,0.0323820347827851,0.657937345155598,1.581894337147483
peak20428,Tada2b,ENSMUSG00000029196,D3Z4Z0,231151,-1.3650734721778,0.104984655738408,0.125236843406467,0.471915931231412,0.0933903652544427,0.160202686363924,1.5837006808387097
peak22257,Tgoln1,ENSMUSG00000056429,Q62313,22134,-1.12281493925643,0.128567051117644,0.206610524642964,0.288456884266449,-0.263574411636606,0.059573218185521,1.592999875536
peak15167,Tgm3,ENSMUSG00000027401,Q08189,21818,-0.370180124492372,0.575981291885009,0.67141797663494,0.209007765583317,-0.55806157747121,0.0757161781660273,1.5996596785985218
peak12457,Lmnb1,ENSMUSG00000024590,P14733,16906,-1.29826806140909,0.0736903039105407,-0.293015044207753,0.329333714761891,-0.0135499885531238,0.747385633082243,1.604833094169967
peak22332,Hk2,ENSMUSG00000000628,O08528,15277,-1.29448291085679,0.130310467643588,0.282355676772306,0.707614482592521,0.0323796721988208,0.355947601159512,1.6092182598279168
peak20546,Ugdh,ENSMUSG00000029201,O70475,22235,-0.858659014784003,0.255305789227538,-0.524444594567665,0.212353033048075,-0.229137267692387,0.238760528931129,1.612240877044055
peak12826,Nr3c1,ENSMUSG00000024431,P06537,14815,-1.40456651469869,0.0657291927521266,-0.11540871026512,0.538976553831944,-0.100445076647348,0.0975616835063967,1.620420301611158
peak22264,Tgoln1,ENSMUSG00000056429,Q62313,22134,1.15817454623708,0.193125668809382,0.206610524642964,0.288456884266449,-0.263574411636606,0.059573218185521,1.6283594825166499
peak23749,Chmp2a,ENSMUSG00000033916,Q9DB34,68953,-1.41954402961716,0.0732247567543555,0.161535244545874,0.3996384888307,-0.0498683165918313,0.448504727433912,1.6309475907548652
peak26989,Gcnt3,ENSMUSG00000032226,Q5JCT0,72077,0.987509690983811,0.231167759105801,0.445950194247409,0.264929109127131,-0.197511387336649,0.196493205819292,1.630971272567869
peak17169,Tpd52,ENSMUSG00000027506,Q62393,21985,1.42187003498993,0.110940013508933,0.159300233356914,0.216477080772036,-0.0625151563303017,0.0699328350578791,1.6436854246771457
peak12953,Slc26a2,ENSMUSG00000034320,Q62273,13521,1.22000699168141,0.190561654924316,0.365219685506102,0.148241199920549,-0.0658788200612045,0.742630469542072,1.6511054972487167
peak12103,Khsrp,ENSMUSG00000007670,Q3U0V1,16549,1.49967351911655,0.139284219832916,-0.136677130455348,0.415153739678507,0.019121140319244,0.684458512070879,1.655471789891142
peak5508,Pyy,ENSMUSG00000017311,Q9EPS2,217212,1.16744770494562,0.105473332691568,-0.177680853985618,0.728239885351579,-0.312748671852989,0.112228711534917,1.657877230784227
peak5486,Stat3,ENSMUSG00000004040,P42227,20848,1.14003407099087,0.118789375009675,0.438923874470784,0.139162768203969,-0.101126141255413,0.0803684805685466,1.680084086717067
peak22111,Mtpn,ENSMUSG00000029840,P62774,14489,1.36235036987286,0.0823482158293053,0.160675237725118,0.206296694977157,0.159351660405352,0.253673407564778,1.68237726800333
peak3034,R3hdm4,ENSMUSG00000035781,Q4VBF2,109284,1.51740373587,0.128071658626624,0.0975924372537652,0.513037695217989,0.0776437486182586,0.634901957426159,1.6926399217420238
peak3040,R3hdm4,ENSMUSG00000035781,Q4VBF2,109284,1.52894338029841,0.060538211842055,0.0975924372537652,0.513037695217989,0.0776437486182586,0.634901957426159,1.7041795661704338
peak18579,Asph,ENSMUSG00000028207,Q8BSY0,65973,1.68031075730815,0.0679586807084188,0.00825841476819298,0.950789427302192,0.0231702319381635,0.640241300285469,1.7117394040145064
peak23402,Tnrc6a,ENSMUSG00000052707,Q3UHK8,233833,-1.4374249756262,0.0652507704409543,-0.241744595456303,0.236763906559055,-0.0335897965466502,0.62241404400685,1.7127593676291533
peak4788,Sptbn1,ENSMUSG00000020315,Q62261,20742,1.61401109382762,0.0754483680949958,0.0919345251357487,0.736330830646489,0.00861664943478171,0.771050585253211,1.7145622683981503
peak18803,Klf4,ENSMUSG00000003032,Q60793,16600,-1.19974856382786,0.0798732285533767,0.377554998314409,0.0747083576823847,-0.142379821938684,0.353717270909594,1.719683384080953
peak22588,Tpi1,ENSMUSG00000023456,P17751,21991,1.41334672142894,0.111471467657123,0.290138684813938,0.0676746152636453,-0.0182981671433771,0.509050754589385,1.721783573386255
peak19009,Slc35d1,ENSMUSG00000028521,A2AKQ0,242585,-1.05072898588422,0.0994480252925566,-0.605230977832339,0.0713295430863085,-0.0688771186019637,0.425304668724255,1.7248370823185226
peak19499,Espn,ENSMUSG00000028943,Q9ET47,56226,-1.1116535700721,0.108015074496626,0.327271121004666,0.143176424179528,-0.286809596442271,0.284298543742105,1.725734287519037
peak20969,Eif4h,ENSMUSG00000040731,Q9WUK2,22384,1.56106495974909,0.143204295824889,-0.0710634345502908,0.40044120148583,0.103896339061592,0.273536014079592,1.7360247333609726
peak4790,Sptbn1,ENSMUSG00000020315,Q62261,20742,1.63858307873082,0.0845645490813147,0.0919345251357487,0.736330830646489,0.00861664943478171,0.771050585253211,1.7391342533013503
peak4273,Hoxb13,ENSMUSG00000049604,P70321,15408,-1.11898313802858,0.175126007752694,0.511278440276581,0.259093316571277,-0.126556313169625,0.066100073072283,1.756817891474786
peak16232,Nol4l,ENSMUSG00000061411,Q6DIB4,329540,-1.34467025410424,0.0617818257624789,-0.382248483888737,0.0704886611316087,0.0437655795690987,0.712715367466522,1.7706843175620757
peak247,Eef1b2,ENSMUSG00000025967,O70251,55949,1.56534703057392,0.12611721168407,0.17115779389685,0.289925076797128,-0.035716952723497,0.417537607027157,1.7722217771942672
peak13562,Scd2,ENSMUSG00000025203,P13011,20250,1.48914450817234,0.13298553012161,-0.280631757440578,0.345582468311916,0.0135222699569223,0.909220174175467,1.7832985355698405
peak15933,Cd82,ENSMUSG00000027215,P40237,12521,-1.44025931561944,0.0577198188880765,0.31942834144342,0.202955359108049,-0.0257942993252417,0.771753445969406,1.785481956388102
peak14082,Stx3,ENSMUSG00000041488,Q64704,20908,1.65579274875628,0.0783049377670063,0.0079084904645819,0.966694388650416,0.126532655281436,0.0973892813442664,1.790233894502298
peak22282,Tgoln1,ENSMUSG00000056429,Q62313,22134,1.32489422168352,0.119083778731607,0.206610524642964,0.288456884266449,-0.263574411636606,0.059573218185521,1.79507915796309
peak12943,Slc26a2,ENSMUSG00000034320,Q62273,13521,1.37848461661089,0.159927641790319,0.365219685506102,0.148241199920549,-0.0658788200612045,0.742630469542072,1.8095831221781966
peak5973,Sypl,ENSMUSG00000020570,O09117,19027,1.54103541587034,0.111459090341318,0.130319782075979,0.43143145813527,0.138488571551934,0.341110635810208,1.809843769498253
peak13753,Atrnl1,ENSMUSG00000054843,Q6A051,226255,1.48059386195435,0.1447596856636,0.211846639254136,0.274765272663215,0.120677524310858,0.107654960329315,1.813118025519344
peak19821,Klf3,ENSMUSG00000029178,Q60980,16599,-1.41868289194343,0.140507820771767,0.39005332886139,0.059106055497445,0.0119891919150366,0.796773222239136,1.8207254127198564
peak21446,Tax1bp1,ENSMUSG00000004535,Q3UKC1,52440,1.42733832935062,0.0656675272575885,0.356377383952845,0.128676299299534,-0.0370423669444248,0.338463559462912,1.82075808024789
peak8453,Farp1,ENSMUSG00000025555,F8VPU2,223254,-1.43150405261678,0.0655404349402027,0.364928582788062,0.224430770571621,-0.030283710614357,0.435216187212697,1.8267163460191989
peak13570,Scd2,ENSMUSG00000025203,P13011,20250,1.53855120359149,0.107435423439186,-0.280631757440578,0.345582468311916,0.0135222699569223,0.909220174175467,1.8327052309889902
peak16629,Mbnl1,ENSMUSG00000027763,Q9JKP5,56758,1.28491881355715,0.0657291927521266,0.289757051531064,0.231322465809718,0.262237314856888,0.23515830748131,1.836913179945102
peak3117,Gna11,ENSMUSG00000034781,P21278,14672,1.69540460825101,0.0934228763306244,-0.0657687820411143,0.722199357011982,-0.0773693453880335,0.214839885227783,1.8385427356801578
peak12998,Atp8b1,ENSMUSG00000039529,Q148W0,54670,1.58724047296118,0.0685573337984062,0.215252277868699,0.210669787178236,-0.0363727826149922,0.394996442307764,1.8388655334448711
peak15177,Tgm3,ENSMUSG00000027401,Q08189,21818,0.620768571228681,0.331854880307924,0.67141797663494,0.209007765583317,-0.55806157747121,0.0757161781660273,1.850248125334831
peak22803,Ceacam20,ENSMUSG00000070777,Q9D2Z1,71601,1.21132951685266,0.214991599072318,0.477312572795412,0.103409570058535,-0.168064359584478,0.295592454523741,1.85670644923255
peak14411,Tmem236,ENSMUSG00000061531,A2ARJ3,625286,-1.4581482348136,0.0967728411106231,0.228454355003765,0.357654524641533,0.18490545451196,0.264834265270158,1.8715080443293248
peak10780,Parp14,ENSMUSG00000034422,Q2EMV9,547253,-1.6015361670407,0.128588398927154,-0.101795306985626,0.243309483530903,-0.183294990627,0.0938977278449676,1.8866264646533262
peak18127,Ttc22,ENSMUSG00000034919,Q8C159,230576,1.42892861617356,0.129091780951808,0.285918680983077,0.148823514999023,0.172522152813201,0.117079737399124,1.887369449969838
peak20998,Lrwd1,ENSMUSG00000029703,Q8BUI3,71735,1.34881623698696,0.0868071862129038,0.471080782932488,0.333465526706027,-0.0728073956286399,0.188159462502228,1.8927044155480879
peak8087,Chdh,ENSMUSG00000015970,Q8BJ64,218865,1.55661426906461,0.0961184626405842,0.297140066480099,0.242254893643644,-0.040489493437853,0.180070299776185,1.894243828982562
peak13520,Cyp2c65,ENSMUSG00000067231,Q148B1,72303,-1.59598976119384,0.0537532153109917,-0.0428190431135451,0.785816048372307,-0.267074334794699,0.548937178984582,1.9058831391020843
peak12901,Slc26a2,ENSMUSG00000034320,Q62273,13521,1.48219278037455,0.0958410913036234,0.365219685506102,0.148241199920549,-0.0658788200612045,0.742630469542072,1.9132912859418567
peak1621,Cdk18,ENSMUSG00000026437,Q04899,18557,1.57726328190559,0.103703051699943,0.21477929157918,0.516968704711194,0.137095898586568,0.195001867178162,1.929138472071338
peak18805,Klf4,ENSMUSG00000003032,Q60793,16600,-1.4183727078687,0.0522464568773582,0.377554998314409,0.0747083576823847,-0.142379821938684,0.353717270909594,1.9383075281217932
peak18821,Ikbkap,ENSMUSG00000028431,Q7TT37,NA,1.60374638717299,0.0676078735606306,-0.272215831513451,0.351704877839225,0.0804651456393532,0.124773199392526,1.9564273643257943
peak23650,Muc2,ENSMUSG00000025515,Q80Z19,17831,1.33457765751018,0.135323277417683,-0.292651295418335,0.126845592937162,-0.331840309933372,0.146304082409705,1.9590692628618869
peak26008,Scamp2,ENSMUSG00000040188,Q9ERN0,24044,1.7070749987043,0.0777916237409835,0.239327871650782,0.163307619660209,0.0454902519112954,0.471796064923748,1.9918931222663774
peak23496,Dmbt1,ENSMUSG00000047517,Q60997,12945,-1.36481707814619,0.0748946029135231,0.273826204793325,0.659087540148943,-0.353902364540604,0.0670367774684227,1.992545647480119
peak4618,Mrpl12,ENSMUSG00000039640,Q9DB15,56282,-1.47188313343569,0.0656675272575885,-0.44821807376573,0.0853403261662977,-0.0836172905785176,0.558978686287838,2.003718497779938
peak12379,Matr3,ENSMUSG00000037236,Q8K310,17184,1.88103825959848,0.0774190898621895,0.0808197142899679,0.594521763369126,0.0524583510032834,0.216033369987545,2.0143163248917313
peak12928,Slc26a2,ENSMUSG00000034320,Q62273,13521,1.60177612589033,0.11811078948823,0.365219685506102,0.148241199920549,-0.0658788200612045,0.742630469542072,2.0328746314576365
peak3033,R3hdm4,ENSMUSG00000035781,Q4VBF2,109284,1.87136072594829,0.08983680879949,0.0975924372537652,0.513037695217989,0.0776437486182586,0.634901957426159,2.0465969118203136
peak2662,Myo1a,ENSMUSG00000025401,O88329,432516,1.50889215476955,0.127691993386129,0.429716235539402,0.0927973711371647,-0.146159338907154,0.0774566399582736,2.084767729216106
peak2545,Mgat4c,ENSMUSG00000019888,Q9D306,67569,1.55401310918308,0.0623964691174414,-0.223343409704923,0.467861323232628,-0.314137567239696,0.255710237487852,2.0914940861276987
peak11839,Fkbp5,ENSMUSG00000024222,Q64378,14229,-1.3707075340583,0.144522919121128,-0.651710807641508,0.164349982518616,0.0701497497482078,0.355804556563987,2.092568091448016
peak5250,Abcc3,ENSMUSG00000020865,B2RX12,76408,1.79384078775987,0.0823482158293053,-0.273638662606748,0.304735361807856,0.0312281057880798,0.840790016535977,2.098707556154698
peak507,Zcchc2,ENSMUSG00000038866,Q69ZB8,227449,-1.37859441608062,0.0684923544889603,0.5835822107057,0.0539875688180805,0.140273678862202,0.118470737146721,2.102450305648522
peak22804,Ceacam20,ENSMUSG00000070777,Q9D2Z1,71601,1.49406617201877,0.0879468095659828,0.477312572795412,0.103409570058535,-0.168064359584478,0.295592454523741,2.13944310439866
peak26311,Acad11,ENSMUSG00000090150,Q80XL6,102632,1.64658538472337,0.135718624408354,0.275110510496311,0.0926994219917786,-0.232581482084572,0.0850515326463501,2.154277377304253
peak17076,Fabp2,ENSMUSG00000023057,P55050,14079,1.28929201974425,0.0766938661634601,0.320372987385966,0.536782846906077,-0.546378217550245,0.195533369062452,2.156043224680461
peak20518,Sel1l3,ENSMUSG00000029189,Q80TS8,231238,1.8887016285774,0.0670408163192119,0.276293155635746,0.170518834767243,-0.0107233659064577,0.885239539762354,2.1757181501196037
peak12156,Fez2,ENSMUSG00000056121,Q6TYB5,225020,2.04036520207029,0.0617818257624789,-0.0459427053416035,0.762940118305663,0.101799509149607,0.0953908572992019,2.1881074165615004
peak16384,Atp9a,ENSMUSG00000027546,O70228,11981,1.88056337654421,0.0752785654830433,0.26342517302593,0.10168604065415,0.0484644844808508,0.309662251710624,2.1924530340509905
peak1385,Idh1,ENSMUSG00000025950,O88844,15926,2.12061578178021,0.10226064395717,0.0649797357456774,0.588340032974737,-0.0344159315712731,0.730850972812426,2.2200114490971603
peak4953,Kdm6b,ENSMUSG00000018476,Q5NCY0,216850,1.77484904271448,0.107034209861363,0.372146353996518,0.11412350555459,0.121089066015379,0.21480034888741,2.268084462726377
peak16824,Ctss,ENSMUSG00000038642,O70370,13040,1.82091973792773,0.0704525631526784,0.327250231458578,0.240493008992433,-0.146855892256522,0.0511567701394492,2.29502586164283
peak22259,Tgoln1,ENSMUSG00000056429,Q62313,22134,1.8427320813787,0.102575956021564,0.206610524642964,0.288456884266449,-0.263574411636606,0.059573218185521,2.31291701765827
peak19490,Vamp3,ENSMUSG00000028955,P63024,22319,1.99330026999056,0.0671171700451311,0.381560566413008,0.0648139053784092,0.00749621957863597,0.882208792594922,2.382357055982204
peak14256,Tm9sf3,ENSMUSG00000025016,Q9ET30,107358,2.27072537474659,0.0520902986258654,0.113383722502629,0.231780551107326,-0.0128523509619822,0.759863990641656,2.396961448211201
peak12157,Fez2,ENSMUSG00000056121,Q6TYB5,225020,2.33573456029597,0.0580155163748388,-0.0459427053416035,0.762940118305663,0.101799509149607,0.0953908572992019,2.4834767747871807
peak19731,Ppp1cb,ENSMUSG00000014956,P62141,19046,2.23893576898196,0.060901128901169,0.212802448727823,0.083378348194141,-0.0968997633726528,0.170896786876236,2.5486379810824356
peak10664,Fgd4,ENSMUSG00000022788,Q91ZT5,224014,2.11904282224315,0.0657197968644126,0.351059539299347,0.10184700507147,-0.105629189053666,0.157425796953657,2.575731550596163
peak15936,Cd82,ENSMUSG00000027215,P40237,12521,2.24727785249401,0.0617818257624789,0.31942834144342,0.202955359108049,-0.0257942993252417,0.771753445969406,2.592500493262672
peak27595,Fhl1,ENSMUSG00000023092,P97447,14199,1.74629000784454,0.0745005214108696,0.796783161345834,0.095663194772217,-0.208193653297515,0.232379255827958,2.751266822487889
