"","baseMean","log2FoldChange","lfcSE","stat","pvalue","padj"
"mmu-let-7a-5p",783.186136748767,0.222602377612646,0.303328677563129,0.733898220202144,0.463010771898136,0.709804249372142
"mmu-let-7b-3p",22.0563789777632,-0.41354209574642,0.404970214621456,-1.02000596602567,0.307725631283455,0.588299000983077
"mmu-let-7b-5p",4318.9293741263,-0.00042519241020633,0.253424547647176,-0.00167614173851799,0.99866263301133,0.99866263301133
"mmu-let-7c-5p",2716.68478594856,0.2769964344993,0.262304854871795,1.05602208140985,0.290958126676342,0.573099340423098
"mmu-let-7d-3p",659.322561094374,-0.469110049815615,0.287581514964802,-1.63117339449014,0.102853737520522,0.324997963601572
"mmu-let-7d-5p",353.775101265695,0.147810666609659,0.287794805448599,0.513627866411424,0.607512192903725,0.805883521198819
"mmu-let-7e-5p",5.76049037575712,-0.859314617618956,0.484489573920465,-1.76316227762587,0.0778731239834216,0.278118299940791
"mmu-let-7f-1-3p",5.57541098398592,0.0715347923803984,0.484230941517108,0.148266173056861,0.882132710254273,0.958839902450297
"mmu-let-7f-2-3p",4.42423147520302,-0.182054483049864,0.484291028527356,-0.376580123488359,0.70648566130498,0.869726666379236
"mmu-let-7f-5p",631.72757121084,-0.189891298842115,0.253488661082577,-0.749119382159534,0.453785253860393,0.702286702402989
"mmu-let-7g-3p",13.3482279076756,0.415510638968195,0.446545393040789,0.929286133940365,0.352740819249769,0.626452274623907
"mmu-let-7g-5p",255.144295724965,0.26210222018251,0.305689106236979,0.857478121519616,0.391180701061702,0.663572407928442
"mmu-let-7i-3p",24.1684337503303,-0.3091000760295,0.395086483719916,-0.782378689360432,0.433992054077058,0.688086751754332
"mmu-let-7i-5p",3808.7642165533,0.300957789842151,0.257531801516675,1.16863449695395,0.24255092327945,0.525527000438809
"mmu-let-7j",2.28495959269649,0.659600697451155,0.444667140619908,1.50354339586053,0.13269897517742,NA
"mmu-miR-100-5p",1.39429789399567,-0.44909865949281,0.401713928657429,-1.21237012262718,0.22537073240666,NA
"mmu-miR-101a-3p",997.953538931057,0.276671040878433,0.288932893582169,0.957574045809659,0.338277591877025,0.614061436233001
"mmu-miR-101a-5p",28.7217502052244,-0.000978958198159552,0.403591548388176,-0.00242354721406206,0.998066290988489,0.99866263301133
"mmu-miR-101b-3p",1602.66055520424,0.394121974805669,0.237482267916418,1.65960133805668,0.0969946789886949,0.324982171869338
"mmu-miR-103-1-5p",18.8449313330034,-0.0346536426053771,0.410893494017827,-0.0843976410806941,0.932740282741439,0.974779525030455
"mmu-miR-103-2-5p",65.494096435083,-0.105522950074972,0.313881272246752,-0.336194736628184,0.736724021716806,0.886797433548008
"mmu-miR-103-3p",1352.20039108823,0.538936077459214,0.268101983357937,2.01021823589369,0.0444080961743579,0.203276496572765
"mmu-miR-106a-5p",11.0603618524401,0.0591302689034142,0.449943393860786,0.13146236647879,0.895409555353892,0.960724223224988
"mmu-miR-106b-3p",289.774933465142,-0.166109101130925,0.27760380921465,-0.598356765063512,0.549601907670795,0.786874977942768
"mmu-miR-106b-5p",814.426101838668,-0.224329136041984,0.239140931472791,-0.938038659752039,0.348224542957491,0.622868045408022
"mmu-miR-107-3p",42.8158782449663,0.0158291810970845,0.34088687932328,0.0464379462176393,0.962961192414626,0.98817995317989
"mmu-miR-10a-3p",69.268173270036,0.0746181618805086,0.349348222013401,0.213595196548484,0.830862745557239,0.924761617486653
"mmu-miR-10a-5p",1984.06194894286,0.546201824798217,0.248748937495716,2.19582970349419,0.0281041347591979,0.154810911809141
"mmu-miR-10b-3p",6.66315713985972,-0.542451386753256,0.484293691252054,-1.12158505995507,0.262038906825167,0.552784108068155
"mmu-miR-10b-5p",160.838146774141,-0.032187895128606,0.306165830987792,-0.105137747099557,0.916266507418901,0.969988973651931
"mmu-miR-1191b-5p",0.637172362648008,0.319517454956624,0.288003295320047,1.09478391295659,0.27361131581621,NA
"mmu-miR-1194",1.44714927497047,-0.0548328602481805,0.39880781213506,-0.138562885732052,0.889795573217512,NA
"mmu-miR-1195",1.23733676953958,-0.157503864170689,0.386372866932078,-0.415210351095678,0.677987921924546,NA
"mmu-miR-1198-3p",1.83564201803246,0.221083232406587,0.421446796851412,0.525524214216525,0.599218824918279,NA
"mmu-miR-1198-5p",928.663682220573,-0.0392237697202111,0.238874645726097,-0.164201527716001,0.8695724984883,0.948359268485562
"mmu-miR-1224-5p",3.42042228639336,-0.766947648763153,0.473071420599521,-1.61551535566711,0.106199137694552,0.324997963601572
"mmu-miR-1247-5p",103.116204629509,2.41446189096215,0.366244247618658,6.55668608437611,5.50166560279062e-11,1.78804132090695e-08
"mmu-miR-1249-3p",0.811778896403529,0.45546133815457,0.329387245400874,1.42934413010277,0.152905347992082,NA
"mmu-miR-125a-3p",2.65722345228153,-0.90587437557256,0.453156109826004,-2.06862031172906,0.0385817303676387,NA
"mmu-miR-125a-5p",47.9704210733404,-0.965364440425941,0.362567726469698,-2.65505233719476,0.00792961045954142,0.0715867610930822
"mmu-miR-125b-2-3p",0.883161145821292,-0.385664894463008,0.323388337990816,-1.16400535886298,0.244421840074113,NA
"mmu-miR-125b-5p",46.6974792073473,-0.402732062717984,0.353032760155563,-1.14042099931736,0.254110948338661,0.546927537814999
"mmu-miR-126a-3p",23.0572030816623,-0.131150473724072,0.394525172312694,-0.332462502098162,0.739540049890094,0.886902273853434
"mmu-miR-126a-5p",31.5610642597417,0.551031374911022,0.361228209017124,1.52518280501913,0.127213508183371,0.348302451766945
"mmu-miR-127-3p",43.3021050387654,-1.34284548444901,0.37180140545258,-3.58490764074594,0.000337197512553347,0.00842993781383368
"mmu-miR-128-3p",71.3284486206514,-0.569651609214834,0.327445684596528,-1.73873308599139,0.0820817234207444,0.287753175446169
"mmu-miR-129-1-3p",1.6690875137287,-0.333915259816326,0.414802066711633,-0.823012659137694,0.410500794597713,NA
"mmu-miR-129-5p",3.27571273165247,-0.418424793078473,0.473452063711014,-0.88473390106416,0.376300166814556,0.650518905397504
"mmu-miR-1306-3p",2.40728163315822,-0.0755803752160362,0.448916927952216,-0.169355012844881,0.86551740685195,NA
"mmu-miR-1306-5p",0.563754173456282,0.163090472294002,0.291914837436787,0.578019027702771,0.563251272916154,NA
"mmu-miR-130a-3p",42.2012158967359,0.0969825083728675,0.369161445877353,0.262935009202856,0.792600671969286,0.910230453674975
"mmu-miR-130b-3p",194.541979723318,-0.604146366807127,0.30701492706896,-1.96739042418605,0.0491382174595269,0.215809738842517
"mmu-miR-130b-5p",13.1747841595946,1.32276707892472,0.461710406566537,2.84053107619667,0.00450384845356097,0.0492510073213524
"mmu-miR-132-3p",94.0696592074787,-0.493402317431979,0.284069643875874,-1.73579837853751,0.0825994909268543,0.287753175446169
"mmu-miR-132-5p",0.921695327988306,0.193259157696045,0.340488799879101,0.579149449894632,0.562488336102907,NA
"mmu-miR-133a-3p",127.203966653605,-0.106572247880333,0.375112345936909,-0.283993523174478,0.776415344147287,0.904426476157234
"mmu-miR-134-5p",5.20020667761003,-0.807728423040773,0.484394466996696,-1.6491788555496,0.0991109984261247,0.324997963601572
"mmu-miR-135a-5p",5.28198760644328,0.0108756415633976,0.484434253872001,0.0224376522208145,0.982098845775706,0.98817995317989
"mmu-miR-135b-5p",5.09690850179552,0.945119517404798,0.477485988927064,2.01385878381503,0.0440243618976556,0.203276496572765
"mmu-miR-136-3p",2.81793109684075,-0.0629403900798066,0.460085173902719,-0.137197150024343,0.890874963560912,NA
"mmu-miR-136-5p",96.44129936222,-1.15821565887213,0.340983173609516,-3.38873424174018,0.000702160273811427,0.0139929950140131
"mmu-miR-137-3p",50.8513742350987,-1.30055485904125,0.350380459001966,-3.69116537633512,0.000223228933254326,0.0072549403307656
"mmu-miR-138-5p",7.70472936920371,-1.07914424505057,0.476860486223937,-2.21451095371729,0.0267936500379689,0.1528387189348
"mmu-miR-139-3p",289.532132140972,-0.0285206316250861,0.326649698930003,-0.087295629738833,0.930436527724325,0.974779525030455
"mmu-miR-139-5p",459.933072944266,0.648802769387091,0.243674289969958,2.66249407781055,0.00775639344611098,0.0715867610930822
"mmu-miR-140-3p",1286.58867108142,1.01305878401815,0.238746806327825,4.24311103226439,2.20442298081885e-05,0.00179109367191531
"mmu-miR-140-5p",1500.27573575637,0.403876549202776,0.219224365858177,1.84231862842897,0.0654285564793162,0.24714418290211
"mmu-miR-141-3p",7219.37741945603,0.44357648384622,0.231571325261253,1.91551857197554,0.0554264029696364,0.228020012216859
"mmu-miR-141-5p",1653.58751798278,-0.0148966440932812,0.21560337496123,-0.0690916632221915,0.944916656956736,0.978018832837386
"mmu-miR-142a-3p",757.541417852819,0.605032097978621,0.236644513426583,2.55674937638247,0.0105655309432733,0.0798557571293914
"mmu-miR-143-3p",48.8488198438237,-0.318036017349448,0.406909489321019,-0.781939265744267,0.434250267436061,0.688086751754332
"mmu-miR-143-5p",38.850740209787,0.0370244706559928,0.345458061549607,0.107169154588878,0.914654785540673,0.969988973651931
"mmu-miR-144-3p",1.52800328046549,0.30868853280772,0.411422903977643,0.768886207473204,0.441960865983395,NA
"mmu-miR-144-5p",1.70704225959417,0.00910063923665194,0.422758445709527,0.0217131549604973,0.982676770106226,NA
"mmu-miR-145a-3p",0.587270245581675,-0.243378150390044,0.282846092714656,-0.788683094329395,0.430297251169563,NA
"mmu-miR-145a-5p",18.773003285336,-0.346960972644304,0.413477722058169,-0.837650596825623,0.402226967267394,0.663572407928442
"mmu-miR-146a-5p",1417.67112029684,-0.734668075961998,0.280745380999169,-2.61675422266092,0.00887702334773076,0.0726026321811409
"mmu-miR-146b-5p",2643.36241832501,-1.08808960340135,0.267472610888446,-4.06793075156404,4.74324717768517e-05,0.00308311066549536
"mmu-miR-147-3p",541.465183242934,-0.170279546870312,0.234815151372956,-0.725134826405946,0.468369320853368,0.714648024776266
"mmu-miR-147-5p",20.4603012717174,-0.0325746746309276,0.404236296578634,-0.0805644437502745,0.935788344029236,0.974779525030455
"mmu-miR-148a-3p",483.557696917957,-0.434402577568791,0.276773385711498,-1.56947456617261,0.116537401287046,0.341213111876487
"mmu-miR-148a-5p",29.9010378875141,-0.617654674230779,0.376211939263634,-1.63718542187107,0.101591732149063,0.324997963601572
"mmu-miR-148b-3p",51.2303037533101,-0.0520720153369823,0.389656335148498,-0.133721358240209,0.893622915412797,0.960724223224988
"mmu-miR-148b-5p",25.1122204994646,0.268407107702046,0.389747959645272,0.688641426610332,0.491048944618777,0.735441967747016
"mmu-miR-149-5p",2.11057734092417,-0.316285932132186,0.433416757669845,-0.741824996243763,0.45819337374977,NA
"mmu-miR-150-3p",0.826687305857049,-0.170057716762975,0.328552221372707,-0.551597960470928,0.581223834088335,NA
"mmu-miR-150-5p",19.5739193551715,-0.0166071547452986,0.41606266152849,-0.0399291113073588,0.968149642137112,0.98817995317989
"mmu-miR-151-3p",560.88339968616,-0.0871608482847496,0.252729554052743,-0.344862923707973,0.730197425176202,0.882208785064185
"mmu-miR-151-5p",29.9583941897509,1.01658098660761,0.390105702677785,2.60029658872473,0.00931432204225396,0.0726026321811409
"mmu-miR-152-3p",171.088591024067,-0.64090740991321,0.326673522689669,-1.96148226719361,0.0498227915941155,0.215898763574501
"mmu-miR-152-5p",4.93191235217024,0.195630757250552,0.484404596022396,0.405479852372695,0.68512482519311,0.858858043002871
"mmu-miR-153-3p",2291.1884884873,-0.645686389399483,0.248546860485837,-2.59779335014912,0.00938249400494743,0.0726026321811409
"mmu-miR-154-3p",5.03958781628491,-0.376392468543523,0.483611593689526,-0.77513764161627,0.438258331117374,0.688086751754332
"mmu-miR-154-5p",3.57667057643331,-0.540057642682847,0.479883617466036,-1.11999890525652,0.262714228597865,0.552784108068155
"mmu-miR-155-5p",7.40588919263302,-0.216414566369828,0.477873897075509,-0.453752553711014,0.650006936618962,0.834989147830683
"mmu-miR-15a-5p",1968.65862682189,0.324791447621063,0.273468430307824,1.18768892428766,0.2349559889452,0.524612144980841
"mmu-miR-15b-3p",67.4950894187443,-0.0804606896748846,0.329048642288144,-0.244552927671403,0.806802615651738,0.916821154149702
"mmu-miR-15b-5p",345.085860482979,0.438010402976052,0.264989412517001,1.65294140008562,0.098342790342685,0.324997963601572
"mmu-miR-16-1-3p",278.823100092437,0.0526866197964409,0.241118600108914,0.218504243420782,0.82703625242443,0.924761617486653
"mmu-miR-16-2-3p",305.906521266466,-0.513059248412905,0.301722824996958,-1.7003465833213,0.0890657530366118,0.304698628809462
"mmu-miR-16-5p",2690.85087714137,0.0427658751865421,0.241766001568788,0.176892557451077,0.859592784727744,0.940631835139788
"mmu-miR-17-3p",28.8863154739104,0.988463620455472,0.39211538064565,2.51936898668151,0.0117565382763487,0.0849083319958514
"mmu-miR-17-5p",2703.09394281489,0.435627078708575,0.23407216515425,1.86109104056959,0.0627313212332552,0.242710469057238
"mmu-miR-181a-1-3p",4.79201983204642,-0.221109037624456,0.478937037008734,-0.465606303984743,0.641497329815218,0.827327905515658
"mmu-miR-181a-2-3p",2.85355877292174,0.648488959800235,0.467813127453874,1.38952631106037,0.164672765856561,0.428149191227058
"mmu-miR-181a-5p",3231.93695811292,0.0273250111654627,0.230607298887423,0.118492953205415,0.905677078289356,0.968240297513291
"mmu-miR-181b-5p",1685.94615756007,-0.339939151983172,0.22369636494432,-1.51963004545384,0.128603982190872,0.348302451766945
"mmu-miR-181c-3p",40.873938466866,-0.349708178375581,0.336824763455319,-1.03736658699543,0.299565044067994,0.582391632642872
"mmu-miR-181c-5p",715.380251213612,-0.45347144661923,0.246054511588264,-1.84291042005173,0.0653420906651243,0.24714418290211
"mmu-miR-181d-5p",446.007788542406,-0.737269747190519,0.267368947944271,-2.75709626357451,0.00583171804446939,0.0611389794984695
"mmu-miR-182-3p",5.24003911147025,0.0185375520232956,0.483208299010595,0.0384078976618605,0.969362464206096,0.98817995317989
"mmu-miR-182-5p",473.234773516344,0.773075920131994,0.237106689134807,3.26039035233992,0.00111258975789639,0.016435985059833
"mmu-miR-183-3p",219.613317431199,0.668645056776029,0.304442985821604,2.19639103943127,0.0280639664699226,0.154810911809141
"mmu-miR-183-5p",902.612933664819,0.246063248693743,0.244303188155338,1.00722826797089,0.313825091729136,0.595777773586178
"mmu-miR-1839-3p",7.73677302620912,-0.363093204370504,0.479527912551073,-0.75876866194009,0.447990955125872,0.696636652707696
"mmu-miR-1839-5p",3.44741304644541,-0.171533323083583,0.477219057729433,-0.359928665798221,0.718900479478081,0.878355848986377
"mmu-miR-1843a-5p",34.8255393851756,0.20830525202135,0.368265720502403,0.565965631744196,0.571417143987438,0.795905574241865
"mmu-miR-1843b-5p",6.22641856065378,-0.292015176413171,0.481462200279433,-0.606466667835473,0.544204909834329,0.786048832345151
"mmu-miR-185-5p",740.258301714482,0.486912017510766,0.272891909178773,1.78431722106641,0.0743721334886882,0.268566037598041
"mmu-miR-186-3p",2.30197337773868,0.20772420520053,0.449052869793452,0.461897200305144,0.644155041823085,NA
"mmu-miR-186-5p",1234.01675105925,-0.260997645170265,0.24152303099322,-1.08062032079905,0.279866039512795,0.568477892760364
"mmu-miR-187-3p",35.66375632403,-0.570522893658269,0.365316574726573,-1.5584537159082,0.119125731610622,0.341893179968266
"mmu-miR-188-5p",117.572310093518,-0.252387212459945,0.315585067799058,-0.799481436478724,0.42401130642564,0.684368689565941
"mmu-miR-18a-3p",94.7628614937562,0.583925150290901,0.310705760075344,1.87914272611778,0.060225007507931,0.238696676098507
"mmu-miR-18a-5p",619.379865743489,0.350472329999161,0.264002210501467,1.32756628507509,0.184321428661459,0.468003627460736
"mmu-miR-190a-3p",1.30525505532356,0.406853549450454,0.401560878612889,1.03649132768946,0.299972983213706,NA
"mmu-miR-190a-5p",341.560436174797,0.151076589959683,0.339353294251157,0.445222098528935,0.656159258316172,0.838452136887813
"mmu-miR-190b-5p",7.24744570614158,-0.293910190591164,0.483824474327266,-0.607783386230454,0.543331149554816,0.786048832345151
"mmu-miR-191-5p",5042.22911668746,0.356462449791043,0.231578312745831,1.53927540202521,0.123737076423746,0.343714101177073
"mmu-miR-192-3p",41.0138346390159,0.460094629790908,0.356089705091131,1.29286606321753,0.196057386734895,0.478983796679636
"mmu-miR-192-5p",13318.2349670309,0.468700389909756,0.221532904639688,2.11572320181536,0.0343683560725217,0.179347631585732
"mmu-miR-1927",0.990046572638808,0.359570832859368,0.347652300383723,1.10706342201624,0.268266508675059,NA
"mmu-miR-1932",0.22691429943085,-0.0635311313450995,0.217938988573298,-0.249394118636456,0.803055934104684,NA
"mmu-miR-1933-3p",0.6582736431546,0.0789699170298898,0.30765849828919,0.258796012918956,0.795792634335985,NA
"mmu-miR-1934-3p",0.88348598538279,-0.439592067673468,0.3414825217299,-1.25722959710902,0.208670508885705,NA
"mmu-miR-1934-5p",0.452135784668845,-0.0230564425399344,0.276904198714838,-0.0825709464940894,0.934192703702468,NA
"mmu-miR-1936",17.4312223537822,0.0354302317996016,0.434067059128095,0.0815675608316667,0.934990598014363,0.974779525030455
"mmu-miR-193a-3p",71.4362235144326,0.166371233680165,0.353559872280065,0.470391659874138,0.638075221673656,0.826193016111307
"mmu-miR-193a-5p",11.0365397078874,-0.591394197321797,0.459036651570046,-1.28508721362311,0.198761809213563,0.478983796679636
"mmu-miR-193b-3p",63.28018865422,0.76665739204234,0.395015740643323,1.93902224572841,0.0524986294381696,0.221585124252015
"mmu-miR-194-1-3p",55.9473531077194,-1.21003379852525,0.382376627963082,-3.15588567074486,0.0016001156754699,0.0200014459433738
"mmu-miR-194-2-3p",402.265515020321,0.219711813214954,0.26188588289677,0.838941664006145,0.4015020461447,0.663572407928442
"mmu-miR-194-5p",24413.5106964789,0.487382046997588,0.246301999855081,1.97880741421821,0.0478376934242476,0.215809738842517
"mmu-miR-1945",1.37006558184341,0.408974674052119,0.402119769657586,1.04924390937767,0.294065874205089,NA
"mmu-miR-1947-5p",27.5447067696927,-0.187475777610778,0.378931357314414,-0.494159401740272,0.621193609068248,0.81574022629603
"mmu-miR-1955-3p",3.56399782219578,-0.788317349724721,0.472743464472266,-1.66379141489904,0.0961541202261798,0.324982171869338
"mmu-miR-1955-5p",1.82153445195284,0.495034981981031,0.431545324329913,1.16226049804305,0.245129667035923,NA
"mmu-miR-195a-5p",14.7596596732797,0.574282799364416,0.4382212147728,1.30915057465146,0.190483350584667,0.469296081877016
"mmu-miR-1964-3p",2.82797357135471,-0.418570622913352,0.459432324365745,-0.917004553410932,0.359140254073577,0.62753001383824
"mmu-miR-1968-3p",0.565192390909094,-0.236541536168513,0.281414044707424,-0.767939551739819,0.442523098192754,NA
"mmu-miR-1968-5p",57.3620494603619,-0.413789176060585,0.32731032220526,-1.26364784198024,0.206356453714758,0.485984401864466
"mmu-miR-196a-1-3p",50.8451595221571,0.438214075763892,0.33479588251679,1.30878730426484,0.190606408639281,0.469296081877016
"mmu-miR-196a-5p",4774.56361631292,0.347214494183039,0.246958756056815,1.40596802322113,0.159733620320034,0.418656666161381
"mmu-miR-196b-5p",11325.4102280293,0.121330426064247,0.222891358729196,0.544350002742671,0.586200644021049,0.795905574241865
"mmu-miR-1981-3p",3.81519590946618,-0.0633913028132816,0.48151387210419,-0.131107101466912,0.895690583498989,0.960724223224988
"mmu-miR-1981-5p",40.9166744387691,-0.571681876854165,0.355827254838753,-1.60383433981243,0.108750573042998,0.324997963601572
"mmu-miR-1983",29.5316985919878,0.60983287393082,0.390066636305883,1.56448423969883,0.117703891317828,0.341551470341911
"mmu-miR-199a-5p",0.886489356312936,0.182087709614352,0.337441278507809,0.547672628345501,0.583916709870205,NA
"mmu-miR-19a-3p",4141.1521299129,0.414033890138301,0.225344264107645,1.83734760305713,0.0661585966537957,0.24714418290211
"mmu-miR-19b-1-5p",1.98986351130826,0.144737249154847,0.436589807834666,0.327843235116961,0.743030195395016,NA
"mmu-miR-19b-3p",9147.26673197245,0.435064604162795,0.209597415628945,2.07571998549474,0.0379198564266695,0.186726565737388
"mmu-miR-1a-3p",0.734731980123392,-0.189114745072035,0.333543441052175,-0.529656619908424,0.596350030038228,NA
"mmu-miR-1b-3p",0.531913189119475,-0.218455212363227,0.275321211354742,-0.722308392145173,0.470104894418155,NA
"mmu-miR-200a-3p",8100.84462320476,0.289605190514951,0.267438463001152,1.0828939374423,0.278855503152834,0.568477892760364
"mmu-miR-200a-5p",2671.24684609556,0.225027132225494,0.25842427154392,0.870767856725641,0.383880919231639,0.660112691800438
"mmu-miR-200b-3p",15011.2174703137,0.4803595213459,0.253793259857031,1.89273344330655,0.0583933265625267,0.234484068878635
"mmu-miR-200b-5p",1734.54549313572,0.255800756085677,0.217392881138017,1.17668512330251,0.239321207817977,0.525527000438809
"mmu-miR-200c-3p",22465.7767791285,0.219732105494898,0.230333578299404,0.953976447100987,0.340095564682893,0.614061436233001
"mmu-miR-200c-5p",6.25280407489483,-0.10371660200421,0.483183638214095,-0.214803806456003,0.829920285048905,0.924761617486653
"mmu-miR-203-3p",2624.23681646899,0.144287140517522,0.252700111938514,0.570989455314476,0.568006790704355,0.795905574241865
"mmu-miR-203-5p",2.72920342402044,-0.408076560376265,0.463160196046267,-0.883793752754604,0.376807559393028,NA
"mmu-miR-205-3p",0.790814419622264,-0.0189415897472319,0.326408936752983,-0.0576895213387807,0.953995940556233,NA
"mmu-miR-205-5p",2578.09824536229,1.08251539511073,0.253607380662543,4.26846511217748,1.96822603152557e-05,0.00179109367191531
"mmu-miR-20a-3p",7.86155602172282,-0.734947251742214,0.479793817634792,-1.52187721386178,0.128039849585497,0.348302451766945
"mmu-miR-20a-5p",3274.92542398604,0.518279152597502,0.255832594061144,2.02587102061372,0.0427780036268433,0.201490596793103
"mmu-miR-20b-5p",1.33683229991052,-0.0329336402103339,0.401049855538712,-0.0827216700354902,0.934072853728055,NA
"mmu-miR-210-3p",6263.50230504151,0.812362825399615,0.215507797674441,3.7695375905382,0.000163550275927906,0.00664422995957117
"mmu-miR-210-5p",199.496749228066,0.784025933492494,0.345295413465887,2.2700982646437,0.0232016216077432,0.145010135048395
"mmu-miR-212-3p",1.2341670544036,-0.0572059671429886,0.368991038537191,-0.152288041532549,0.878959756385852,NA
"mmu-miR-2137",0.618134655752493,-0.0985316583796442,0.317403075537268,-0.314459337962533,0.753172194797752,NA
"mmu-miR-215-3p",59.6809533326571,-0.0675164159015853,0.327417656592923,-0.206277066089792,0.836574491910804,0.927940989320858
"mmu-miR-215-5p",8013.05139672355,0.0641247267015381,0.247771541630305,0.258808519398908,0.795782984255584,0.91066714747558
"mmu-miR-218-5p",139.718272276795,0.751875652575394,0.282842489348685,2.65845945838065,0.00784987944794691,0.0715867610930822
"mmu-miR-219a-5p",28.4513561102258,-0.174147928408752,0.368402147688218,-0.472355720864289,0.636672904197944,0.826193016111307
"mmu-miR-21a-3p",71.480975479862,0.318999840099506,0.320421549416063,0.995456214177455,0.319514429865853,0.600243871135272
"mmu-miR-21a-5p",30097.2011822723,0.68777150383575,0.217629089879788,3.16030491767468,0.00157604106955449,0.0200014459433738
"mmu-miR-21b",0.724832046733838,0.0541510432247384,0.315000116408479,0.174711063154455,0.861306674342698,NA
"mmu-miR-22-3p",5401.1698264285,0.512111468858993,0.230529125714471,2.22147790667802,0.0263186094867682,0.1528387189348
"mmu-miR-22-5p",46.6302589747413,0.260805445870477,0.327291790229906,0.797154233128974,0.425361462437908,0.684368689565941
"mmu-miR-221-3p",5505.86204224435,0.0768802725303025,0.243973204196283,0.315120327548676,0.752670295048743,0.894864888947835
"mmu-miR-221-5p",0.562452759728797,-0.0591239921333098,0.278598405697346,-0.208515357530689,0.834826592590533,NA
"mmu-miR-222-3p",910.582704673462,-0.656963673629277,0.229558610791385,-2.861652434703,0.00421438787721541,0.0489170021462502
"mmu-miR-224-3p",2.68283819432907,0.130952725061071,0.450039005854753,0.291879475367836,0.770378776799901,NA
"mmu-miR-224-5p",458.834637041706,-0.961496538044589,0.260131445073466,-3.69527995803115,0.000219644633302951,0.0072549403307656
"mmu-miR-23a-3p",3024.09133857714,0.139688669577002,0.231714884832452,0.602853330675948,0.546606264953859,0.786048832345151
"mmu-miR-23a-5p",0.509510494885398,-0.238270974587133,0.290059669665017,-0.752718883411688,0.45161886007582,NA
"mmu-miR-23b-3p",2916.02055599296,0.145888878486173,0.222306892590567,0.656255565238924,0.511659702510037,0.752440738985348
"mmu-miR-23b-5p",1.99849157145083,-0.286699091055471,0.437262777163249,-0.662060971181662,0.507932147279872,NA
"mmu-miR-24-1-5p",9.20871833897857,-0.7377678780858,0.472343172108806,-1.55508592027695,0.119925607742715,0.341893179968266
"mmu-miR-24-2-5p",295.668741294467,-1.13455113894197,0.309987694410103,-3.65833247755027,0.00025386158975839,0.00734911795090966
"mmu-miR-24-3p",7045.45389497791,0.229273409837338,0.211276574364286,1.08518581737474,0.277839364438427,0.568477892760364
"mmu-miR-25-3p",3225.67086935703,-0.543054632811534,0.279447071964396,-1.94332698831276,0.0519766626517496,0.221585124252015
"mmu-miR-26a-2-3p",0.67864954062452,-0.335080112772026,0.31556774579258,-0.992429786573733,0.320987914675359,NA
"mmu-miR-26a-5p",15706.5995211275,0.578848450996217,0.213207566407836,2.71496103148824,0.00662835694018462,0.0652792728957576
"mmu-miR-26b-3p",20.3513146383817,0.112495508968526,0.405749860734361,0.277072411940456,0.781724504915098,0.907358800347882
"mmu-miR-26b-5p",1336.97915572745,0.105851240816247,0.284482142608498,0.37209459487177,0.709822420546731,0.870536930859198
"mmu-miR-27a-3p",19962.9651061528,0.97392070465492,0.255512671456987,3.81169802384382,0.00013801542384027,0.00664422995957117
"mmu-miR-27b-3p",7977.56560927842,0.471613361325038,0.212501371744452,2.2193512790539,0.0264628355042295,0.1528387189348
"mmu-miR-27b-5p",5.70083451561281,-0.664772203840083,0.484069765524406,-1.36197697296675,0.173205152317763,0.443241531521834
"mmu-miR-28a-3p",237.581897548633,0.0732213264210322,0.319405343586051,0.229214572029434,0.818702147219987,0.924761617486653
"mmu-miR-28a-5p",101.566510181915,0.373391596309373,0.306570583919659,1.21797758983021,0.223232488987004,0.510919429019551
"mmu-miR-297a-5p",1.40894907537476,-0.101220881424524,0.409680703083079,-0.246963568080627,0.804936419335613,NA
"mmu-miR-299a-3p",97.4768586234866,-0.265623201178707,0.382888984597647,-0.69337386696833,0.488074957915056,0.734372043159228
"mmu-miR-299a-5p",19.3968461835966,0.140726615668226,0.428999247147012,0.327943637566175,0.742954278580445,0.887721104921488
"mmu-miR-29a-3p",849.289443020187,0.330470077918757,0.258612428487088,1.27786649610554,0.201296503175832,0.481039437736364
"mmu-miR-29a-5p",13.6477853946323,-1.04089196861936,0.457826743794627,-2.25517252553264,0.024122501740513,0.147921001238995
"mmu-miR-29b-1-5p",1.25230364747036,-0.40167485417226,0.393403511944391,-1.09621664701759,0.27298397619077,NA
"mmu-miR-29b-2-5p",15.6596582608673,0.242904715480565,0.452465810044646,0.535716525495794,0.59215448071124,0.795905574241865
"mmu-miR-29b-3p",278.159101854871,0.361456753864935,0.298003642958799,1.21294445840255,0.225151056347798,0.511706946244995
"mmu-miR-29c-3p",190.879796020569,0.209564497717354,0.307609418539389,0.681344265872805,0.495653679989615,0.736873596295457
"mmu-miR-29c-5p",11.2135819178853,-0.371097486422613,0.452326253350123,-0.818228519271637,0.413226713307844,0.671493409125246
"mmu-miR-300-3p",7.44616522733691,-0.128126704368358,0.474042178318836,-0.269706504643505,0.78738605595709,0.908586836148319
"mmu-miR-301a-3p",142.033575499896,0.0849934489325286,0.295503915386402,0.287645666718593,0.773617984514072,0.904409514270049
"mmu-miR-301b-3p",14.3674460142844,-0.177945794525466,0.443183398091702,-0.40194517659545,0.687724373993598,0.858858043002871
"mmu-miR-3057-5p",2.14796755413617,-0.549875501841399,0.447892833843606,-1.24212640063493,0.214189929225364,NA
"mmu-miR-3058-3p",66.9486669639548,-0.00900546060414707,0.318676651295613,-0.0282508749705459,0.977462061038052,0.98817995317989
"mmu-miR-3058-5p",184.541979335071,0.376165900962537,0.292808488724883,1.28451305071129,0.198962500159233,0.478983796679636
"mmu-miR-3060-3p",1.10784528385878,0.117557132270444,0.370482633374741,0.323237725281707,0.746515212429347,NA
"mmu-miR-3061-3p",7.51814519907582,0.146029972008366,0.474040908142159,0.307730511729023,0.758287400620305,0.896157837096724
"mmu-miR-3061-5p",0.396053345169972,-0.163931295289905,0.268060042790861,-0.564224290623175,0.572601498580882,NA
"mmu-miR-3068-5p",14.3548927781365,1.11898971710862,0.441866169442364,2.52706030357808,0.0115021750938196,0.0849083319958514
"mmu-miR-3072-3p",1.00912105638124,-0.284047113366369,0.368278966739272,-0.827211068989136,0.408117438866706,NA
"mmu-miR-3073a-3p",5.45753681242871,0.47602317321151,0.484478663592184,0.983504871229366,0.325359019025421,0.603762059364522
"mmu-miR-3073a-5p",0.67864954062452,-0.335080112772026,0.31556774579258,-0.992429786573733,0.320987914675359,NA
"mmu-miR-3076-3p",0.361481872662673,0.150934519324222,0.226496728690832,0.607832396854678,0.543298640114244,NA
"mmu-miR-3079-5p",1.29414459207512,0.155136309286652,0.392340845739561,0.393342238322526,0.694066725480689,NA
"mmu-miR-3081-3p",316.01693397746,-0.463697046550392,0.300584743957143,-1.54225799634573,0.123010911668927,0.343714101177073
"mmu-miR-3090-3p",0.859791020431031,-0.0563945913410525,0.335921207700293,-0.165711484190674,0.868384007938755,NA
"mmu-miR-3095-3p",0.858665093919183,-0.371759225575658,0.318951226449661,-1.1243337786177,0.26087145357966,NA
"mmu-miR-3098-3p",1.73507902962693,0.115462470788101,0.426600009280564,0.268893504615501,0.788011635519276,NA
"mmu-miR-3098-5p",0.581089923149136,0.141479104025728,0.279061799840264,0.551640486760614,0.581194691831992,NA
"mmu-miR-30a-3p",45.6334272843809,0.264165360323947,0.336853197038708,0.784097367806504,0.432982979808,0.688086751754332
"mmu-miR-30a-5p",12977.0996120957,0.243655641134285,0.230507224162749,1.0570436304387,0.290491675560961,0.573099340423098
"mmu-miR-30b-3p",1.77229924944592,-0.220800148293705,0.432800954863626,-0.515552186280313,0.606167212185903,NA
"mmu-miR-30b-5p",3042.60902790631,0.777644870817583,0.213567158901284,3.64121723564364,0.000271352047418203,0.00734911795090966
"mmu-miR-30c-1-3p",2.52508321928904,-0.703275358367596,0.458261483916522,-1.52750506901621,0.126635467710352,NA
"mmu-miR-30c-2-3p",1.06520349588011,-0.115985494974926,0.370523083959114,-0.314876828043117,0.752855175887937,NA
"mmu-miR-30c-5p",2813.4174822483,0.36110075977225,0.225308861246997,1.60270718258692,0.108999317023296,0.324997963601572
"mmu-miR-30d-3p",122.869139184036,0.0613810742613158,0.32950278916692,0.186238667168138,0.852257602347568,0.938927866993083
"mmu-miR-30d-5p",10409.2780545888,0.463629897650308,0.248553159582283,1.86532082892408,0.0621364472748212,0.242710469057238
"mmu-miR-30e-3p",68.0944582922216,-0.193852093289652,0.33458607056517,-0.579295471523372,0.56238982058578,0.794681268219037
"mmu-miR-30e-5p",16024.5396834623,0.231206893931935,0.224287636617243,1.03085233777304,0.302610070390295,0.582391632642872
"mmu-miR-30f",49.3606062097375,-0.872019643486944,0.362841211303354,-2.3961533453424,0.0165681572020228,0.112180231055363
"mmu-miR-31-5p",174.556959433232,-0.439277725288128,0.269357381946343,-1.63052432562625,0.102990728282546,0.324997963601572
"mmu-miR-3105-3p",5.53188087437547,0.349436264954535,0.483802288130438,0.720395537125637,0.471281497033692,0.715731245495093
"mmu-miR-3105-5p",4.83381348085096,-0.167837383928425,0.484463207148436,-0.346702659832359,0.728814711770981,0.882208785064185
"mmu-miR-3110-5p",3.01955764400539,0.601632392392143,0.47299946331234,1.2729852794865,0.203023265502949,0.481624534952251
"mmu-miR-3112-5p",1.16938606836425,-0.123849348293399,0.362740575619887,-0.345659858521924,0.729598354970481,NA
"mmu-miR-32-3p",2.97238601510955,-0.507174792586721,0.47098692355551,-1.07533788286636,0.282223481398927,0.569705785432617
"mmu-miR-32-5p",143.686669219993,0.103787148054716,0.27393086345412,0.37889464684118,0.704766099556182,0.869726666379236
"mmu-miR-320-3p",90.4390772743806,-0.158872026261306,0.298568506882795,-0.531955259991427,0.594756982780918,0.795905574241865
"mmu-miR-322-3p",18.6649167975616,0.471320648326532,0.420055350139631,1.12097370434531,0.262299055612813,0.552784108068155
"mmu-miR-322-5p",350.067129168942,0.097201894327313,0.27288360951948,0.356200751656822,0.72169022907205,0.878461889319911
"mmu-miR-323-3p",0.613067711211269,-0.0849588815337122,0.302613722926801,-0.283151223022273,0.7770609172159,NA
"mmu-miR-324-3p",595.616978090951,-0.075021354191017,0.256772564310096,-0.292155258920054,0.770167918171772,0.904149124972404
"mmu-miR-324-5p",31.0955924984782,-0.160115152525065,0.361524606691179,-0.442866297786145,0.657862445865823,0.838452136887813
"mmu-miR-326-3p",5.26641601340139,0.270887256791537,0.484459044543597,0.558897487883384,0.576231683971334,0.795905574241865
"mmu-miR-328-3p",276.972310177816,0.134277170255593,0.272688574750207,0.492409385673063,0.622429965599836,0.81574022629603
"mmu-miR-329-5p",1.23264058441658,-0.585543215977578,0.378004482067278,-1.63347077069731,0.102370023292689,NA
"mmu-miR-33-3p",18.8621438454443,0.764569596985638,0.440350472681687,1.73226116963761,0.0832270722828921,0.287753175446169
"mmu-miR-33-5p",516.593666220225,0.144658273249845,0.263673271837784,0.548655416089681,0.583241947967552,0.795905574241865
"mmu-miR-330-3p",65.0795838877054,0.43990355316691,0.358219118688414,1.2277504229511,0.219540671667251,0.506033463062812
"mmu-miR-330-5p",16.3596565241559,0.122333212138439,0.41977630399222,0.291572826705725,0.770613254207249,0.904149124972404
"mmu-miR-331-3p",9.36268006758389,0.97681947480383,0.463609547238275,2.0968536505063,0.036006532587961,0.180032662939805
"mmu-miR-331-5p",5.68079781822997,-0.30238197934854,0.483707518009037,-0.624800961913756,0.532101699284494,0.778977712916489
"mmu-miR-337-3p",1.74071286184916,-0.391745527361168,0.429934203103702,-0.927210720650337,0.353817137684379,NA
"mmu-miR-337-5p",7.80583597290871,-0.639023029649142,0.4801227724079,-1.32219048073402,0.186104730122497,0.468339413291297
"mmu-miR-339-3p",3.37282325446156,0.252320782631795,0.472581570571354,0.531470937468807,0.595092475510072,0.795905574241865
"mmu-miR-339-5p",48.5176599047941,-0.312676387532443,0.372536266476376,-0.838823556638271,0.401568329627518,0.663572407928442
"mmu-miR-340-3p",24.111660112608,1.50059262033259,0.394333688460283,3.78199525318542,0.000155576329613678,0.00664422995957117
"mmu-miR-340-5p",745.689239497554,0.358231678284296,0.302481148192738,1.18433394532595,0.236280896617846,0.524612144980841
"mmu-miR-342-3p",9.0636414304302,-0.286205541863407,0.466166298349048,-0.613797306235803,0.53934927754822,0.78604715337745
"mmu-miR-344-3p",1.45584782151094,-0.133323298541008,0.415140154467777,-0.319153413541986,0.749610181635189,NA
"mmu-miR-345-3p",63.020568973594,-0.212926046550482,0.393320765740407,-0.540856062823147,0.588606797195618,0.795905574241865
"mmu-miR-345-5p",941.290504959707,-0.26574763969756,0.257143903252225,-1.03344178740723,0.301397199430964,0.582391632642872
"mmu-miR-34a-3p",2.36294703098669,-0.11253545031477,0.44931338659319,-0.250788242704845,0.801977832110583,NA
"mmu-miR-34a-5p",4330.71825690474,-0.164284297109419,0.249181821699525,-0.659291884766323,0.509708352603289,0.752440738985348
"mmu-miR-34b-5p",1.91872934695512,-0.372070187736337,0.409610030194325,-0.939113943266755,0.347672246178362,NA
"mmu-miR-34c-3p",0.790668472887132,0.0415575447909473,0.324489167567467,0.127690992529159,0.898393518657878,NA
"mmu-miR-34c-5p",10.8419770744242,-0.733260641198371,0.461202788632283,-1.5761670889576,0.114987301014347,0.33973520754239
"mmu-miR-350-3p",0.640937893461746,0.0922401691426756,0.319895932082444,0.283812101038707,0.776554380412563,NA
"mmu-miR-350-5p",4.59601300015488,-0.927004429064395,0.482634503582149,-1.89237792672628,0.0584406448589828,0.234484068878635
"mmu-miR-351-5p",53.4790749284043,0.356340335508095,0.371933904137138,0.957657769739631,0.338235358139365,0.614061436233001
"mmu-miR-3572-3p",0.341672862873761,0.0446879167127121,0.238893209728473,0.184593168560984,0.853548144560362,NA
"mmu-miR-361-3p",1.44482196160954,-0.253387443627289,0.408454599843375,-0.635016092756036,0.525417919354632,NA
"mmu-miR-361-5p",373.562384565574,0.093966574165134,0.237506661858843,0.395638521919725,0.69237171466693,0.858858043002871
"mmu-miR-362-3p",16.8697205020416,-0.354355939722338,0.414949906752562,-0.852647935800986,0.393854571198844,0.663572407928442
"mmu-miR-362-5p",847.466191810526,0.25915790175002,0.251526926846977,1.03035444656439,0.302843648974294,0.582391632642872
"mmu-miR-365-3p",7.47882151031154,1.11916261359038,0.47764468613477,2.32781162859179,0.0199221083326603,0.132136432818665
"mmu-miR-369-3p",3.75724151937164,-0.52184688587967,0.474052724035528,-1.10603619780176,0.268710852179629,0.556248579352736
"mmu-miR-369-5p",0.542789696675017,-0.225726570379263,0.278344504301585,-0.73991791657358,0.459349802306121,NA
"mmu-miR-374b-5p",3660.9345441632,0.669350965462283,0.235892566986689,2.8375412755552,0.00454624682966329,0.0492510073213524
"mmu-miR-375-3p",8030.81475579979,0.327842189517234,0.218997106151121,1.49702132106075,0.134387710354712,0.360958726159351
"mmu-miR-376a-5p",0.748927555160772,-0.161987387442514,0.336140824870572,-0.504133783302452,0.614167368194338,NA
"mmu-miR-376b-3p",18.1391147122902,-0.485478543599879,0.432885024691727,-1.11783961765458,0.263635497694043,0.552784108068155
"mmu-miR-376b-5p",7.55923045670366,-0.258766805405875,0.478961279590564,-0.539775920420273,0.589351575125666,0.795905574241865
"mmu-miR-377-5p",0.986142331456352,-0.277692182997745,0.347549260897554,-0.794487622522959,0.426911611808142,NA
"mmu-miR-378a-3p",7030.42272046321,0.249180123783318,0.224320767061506,1.11082651388128,0.266643031528229,0.55550631568381
"mmu-miR-378a-5p",220.810908936147,-0.55606047816279,0.304554434655366,-1.82553390966571,0.067920498870931,0.250842751511961
"mmu-miR-378d",3.25021578261964,-0.730538851734705,0.471384895176759,-1.54375458552866,0.122647797068119,0.343714101177073
"mmu-miR-379-3p",3.39051434004126,-0.217703497487731,0.461015126132684,-0.476746455409607,0.633542678240451,0.826193016111307
"mmu-miR-379-5p",26.8936682530936,-0.296079604141214,0.39749748237638,-0.744659208571253,0.45647776470435,0.703105561748407
"mmu-miR-381-3p",23.8623850993822,-0.223348737525099,0.397426051056795,-0.56126984928296,0.574613592325059,0.795905574241865
"mmu-miR-382-3p",0.675909909444222,-0.105479043963896,0.294186492253474,-0.366819733153801,0.713753487241505,NA
"mmu-miR-382-5p",4.21123096861654,-1.01020888882644,0.481260443781343,-2.04809281627656,0.0405509056811552,0.196474206808021
"mmu-miR-409-3p",9.45880114171427,-0.768302167108687,0.467951497448526,-1.6254486703953,0.10406699254231,0.324997963601572
"mmu-miR-409-5p",0.44053389407663,-0.164252128065382,0.259319640901791,-0.582750387789801,0.560061347518175,NA
"mmu-miR-410-3p",28.2123272371902,-0.632179930448248,0.392662380720702,-1.60657139919573,0.108148420733768,0.324997963601572
"mmu-miR-411-3p",8.16728106872446,-0.104876785012665,0.469792164116951,-0.222695088675818,0.823772824054707,0.924761617486653
"mmu-miR-411-5p",8.81848763614334,-0.0498096197256944,0.470058920567264,-0.106092294841757,0.915509124469333,0.969988973651931
"mmu-miR-421-3p",52.0784835894542,0.264892965409527,0.320188551956014,0.827305404427945,0.408063981338122,0.66643615042658
"mmu-miR-423-3p",461.827340662531,0.646707865197871,0.316622287593269,2.04243451048501,0.0411084494244474,0.196474206808021
"mmu-miR-423-5p",144.463747142605,-0.271890615456965,0.295607625448579,-0.919698754851582,0.357730203504043,0.62753001383824
"mmu-miR-425-3p",56.1961434552479,-0.161429657212851,0.390879876420487,-0.41273094692174,0.679803748658582,0.858858043002871
"mmu-miR-425-5p",5329.56776484984,0.205484117028339,0.209624110802025,0.980254766521775,0.326960376763557,0.603762059364522
"mmu-miR-429-3p",14769.1601704268,0.280951778591243,0.264250460546519,1.06320922308281,0.287687080723351,0.573099340423098
"mmu-miR-431-5p",1.48284667398962,-0.0693678357620702,0.38675968514811,-0.179724589216101,0.857368788361806,NA
"mmu-miR-433-3p",2.67714111207535,-0.533016399907593,0.461594720284199,-1.16387556395625,0.244474443724319,NA
"mmu-miR-434-3p",19.7492565689564,-0.342079710700441,0.438260592517301,-0.778185483872952,0.436459673199399,0.688086751754332
"mmu-miR-449a-5p",27.7969153652637,-1.01931266684719,0.384333511584119,-2.63624532193629,0.00838291012894295,0.0725272676066688
"mmu-miR-449c-5p",3.15145477829518,-0.246481497991815,0.472029349102316,-0.52138895555672,0.602095843698404,0.80197192295894
"mmu-miR-450a-5p",4.45112167767678,-0.327647842667167,0.482702045252908,-0.679944760022151,0.496539438734477,0.736873596295457
"mmu-miR-450b-5p",1.8130635930063,-0.250045175669078,0.435140508796161,-0.577839490011357,0.563372491173232,NA
"mmu-miR-451a",1.68607778281291,-0.378138141552793,0.42238339711746,-0.909257284593321,0.363214332486336,NA
"mmu-miR-452-3p",17.5962911012565,0.030291867920123,0.423859029400006,0.0714046753278235,0.943075688736511,0.978018832837386
"mmu-miR-452-5p",8.14156778129694,0.401360104341723,0.482679603345309,0.830610078453766,0.406193939368459,0.66643615042658
"mmu-miR-455-5p",0.450297023740857,0.201800179790788,0.259164256518102,0.799258934105967,0.424140285485649,NA
"mmu-miR-466i-5p",7.68812163388192,-1.69473341760811,0.482497785987566,-3.21313354113888,0.00131295227593409,0.0185525865077643
"mmu-miR-467c-5p",3.24280088367034,-0.815514786114661,0.456395452061574,-1.78840559355305,0.0737105945279463,0.268566037598041
"mmu-miR-467d-5p",22.9514793171116,-0.525023916250071,0.448086878071936,-1.1716207176121,0.241349366454803,0.525527000438809
"mmu-miR-467e-5p",5.68734166371432,-0.237248071673451,0.484327113054917,-0.492349147390628,0.622472541912047,0.81574022629603
"mmu-miR-484",1540.56649882069,-0.0462365687712137,0.233599100264963,-0.197930515309681,0.843099428698193,0.931997667778614
"mmu-miR-485-3p",2.13507339282628,-0.378294148654246,0.451755141027539,-0.842870201930323,0.399301040444954,NA
"mmu-miR-491-5p",6.88535936194424,0.0190320938218281,0.479305289342049,0.0396408890599491,0.968379428287551,0.98817995317989
"mmu-miR-494-3p",36.1346632832495,-0.09592502503106,0.357255502905398,-0.268422907574674,0.788373808596387,0.908586836148319
"mmu-miR-495-3p",8.6573561757274,-0.0677209959449711,0.475915640626809,-0.142475340796903,0.886704555848588,0.960596602169304
"mmu-miR-497a-5p",7.14306758514801,-0.150052155457456,0.480029551114228,-0.312790363457518,0.754439937143713,0.894864888947835
"mmu-miR-497b",0.824181630369646,0.227929517471497,0.312879617646153,0.831133263180432,0.405898350543218,NA
"mmu-miR-499-5p",0.596056801079913,-0.0706534535786871,0.283110186582065,-0.250426691209454,0.802257390470428,NA
"mmu-miR-500-3p",7.06205900979135,-0.280434359845091,0.476148637001027,-0.588227509806184,0.556379594675166,0.789621695499689
"mmu-miR-500-5p",17.6737283178335,-1.43635164487138,0.426958505981049,-3.29858550747618,0.000971732796066638,0.016435985059833
"mmu-miR-501-3p",85.2295496082707,-0.757604776971393,0.326366216157948,-2.31869534122268,0.0204115613178363,0.132675148565936
"mmu-miR-501-5p",723.831427778121,0.397591710979806,0.247853501677898,1.60412941135579,0.108685530109237,0.324997963601572
"mmu-miR-503-3p",62.9282461327692,-0.293546086531535,0.317142328418603,-0.925117438652057,0.354904822960774,0.626869931860062
"mmu-miR-503-5p",55.8235613169145,-0.00742800450098773,0.316081383265746,-0.0234976426445467,0.981253318864144,0.98817995317989
"mmu-miR-505-3p",37.1078791417022,-0.286930282289453,0.374682939674321,-0.765773447359882,0.443811116007579,0.693454868761842
"mmu-miR-5101",1.04635382482077,0.12386057717469,0.351519911454843,0.355055734844078,0.722547837378051,NA
"mmu-miR-5103",17.0453094093701,0.521084011370306,0.437488291811598,1.18934757415587,0.234302921702967,0.524612144980841
"mmu-miR-5104",1.37083688473681,0.118027309361564,0.395411449615301,0.300121367702013,0.764084580982192,NA
"mmu-miR-5107-5p",16.299535888314,-1.59335020970222,0.462625127089611,-3.37724937236279,0.000732146405798318,0.0139929950140131
"mmu-miR-511-3p",0.972710822945954,0.404192252328473,0.360539511529794,1.16386571651128,0.244478435049259,NA
"mmu-miR-5114",15.0572666105084,-1.09428115873634,0.438506441371407,-2.46846091454839,0.0135695470126083,0.0958717995456018
"mmu-miR-5116",12.1647358539829,-0.256592226757664,0.449992889727356,-0.569755299302187,0.568843677578255,0.795905574241865
"mmu-miR-5123",2.30049623321911,-0.435814131218149,0.452943604301973,-0.96629233867971,0.333897918611809,NA
"mmu-miR-5126",2.91427677884652,-0.981949897155283,0.461645635279464,-2.21433765813679,0.0268055599362573,0.1528387189348
"mmu-miR-5132-3p",2.81783053926245,-0.923052331326065,0.456826789534647,-2.13240517607198,0.0329735522499396,NA
"mmu-miR-532-3p",1.07809765719001,-0.311062664094547,0.372103357031973,-0.899232450154336,0.368528859154455,NA
"mmu-miR-532-5p",410.298567714142,-1.040384465965,0.293043519629555,-3.54915671466538,0.000386467003887741,0.00868826321874285
"mmu-miR-539-5p",3.41213683194859,-0.0108132760085635,0.476162552938513,-0.0226773980215092,0.981907604965135,0.98817995317989
"mmu-miR-540-3p",11.6053338840084,-0.654370636696577,0.455450246264199,-1.42749475201306,0.153437336793764,0.405423857381897
"mmu-miR-540-5p",20.6920916173651,-0.394451021697708,0.41143183540522,-0.956669494694293,0.338734099965565,0.614061436233001
"mmu-miR-541-5p",42.7846930809146,0.454293599281347,0.384242214852406,1.18179737748265,0.237286108652873,0.524612144980841
"mmu-miR-542-3p",44.590575357494,-0.422531510623665,0.399140120663628,-1.05893027527166,0.289631535034576,0.573099340423098
"mmu-miR-543-3p",19.0583275519255,-0.944026788406053,0.434048734935698,-2.16317205568765,0.0305279486996073,0.165359722122873
"mmu-miR-5615-3p",1.13257529145379,0.314725371500767,0.373155859103065,0.862111616470613,0.388626099573733,NA
"mmu-miR-574-3p",46.3346551716163,0.0875418109553193,0.396499441666693,0.22068250244534,0.825339656612938,0.924761617486653
"mmu-miR-574-5p",68.5680289805458,-0.939652603994274,0.324168929369149,-2.89339374619723,0.00381103210788954,0.0458735346320037
"mmu-miR-582-3p",66.6721424517341,-0.55320772632042,0.373885171236351,-1.47934675011284,0.139047664149443,0.370413859414501
"mmu-miR-582-5p",34.357023216602,0.0105421435803821,0.375685123232798,0.0280668540610245,0.977608830280625,0.98817995317989
"mmu-miR-6238",7.49817960057463,0.450245939007301,0.482860101413416,0.936907569042126,0.348806105428492,0.622868045408022
"mmu-miR-6240",13.9029973289349,-0.608318582388832,0.443741849234662,-1.367742582318,0.171392665956882,0.442084257428467
"mmu-miR-6481",0.797036831155842,0.275091963927802,0.325658289435251,0.884058445465062,0.376664663614603,NA
"mmu-miR-6516-5p",0.509510494885398,-0.238270974587133,0.290059669665017,-0.752718883411688,0.45161886007582,NA
"mmu-miR-652-3p",1757.87631074373,0.733627449972427,0.218239134183578,3.36157372411795,0.000774996646929956,0.0139929950140131
"mmu-miR-652-5p",46.8508809043002,1.13843949521474,0.348020379907715,3.26577026838143,0.00109166774666672,0.016435985059833
"mmu-miR-664-3p",20.8885838599631,0.177249399121566,0.42534374865745,0.417514007521862,0.676302480767977,0.858587133787471
"mmu-miR-669b-5p",0.873586051993237,-0.220684788050586,0.351663282458173,-0.666116694364198,0.505336514609759,NA
"mmu-miR-669c-5p",3.37761391063241,-0.957433595007059,0.472614660956823,-1.97188747451573,0.0486224534799761,0.215809738842517
"mmu-miR-669k-5p",0.271394848337508,-0.0672329170158273,0.221068571058835,-0.307949115071575,0.758121052145049,NA
"mmu-miR-669l-5p",0.407254692287011,-0.148400358978159,0.253353001728486,-0.537370953322072,0.591011403197293,NA
"mmu-miR-671-5p",210.926527389841,-1.02894361455168,0.322654056333701,-3.18604915779533,0.00144230088317742,0.0195311577930275
"mmu-miR-672-5p",92.1038739551449,-0.50123465399469,0.310352575041336,-1.61457132493455,0.106403559377332,0.324997963601572
"mmu-miR-673-5p",11.9773609129897,-1.27326926710362,0.45545394837396,-2.73554911014611,0.00622762928523207,0.0632493599281383
"mmu-miR-674-3p",19.5871485044829,0.893981844269009,0.416820654290828,2.14012059878591,0.0323450217980154,0.172330034169754
"mmu-miR-674-5p",88.4753239933158,0.0835548427900142,0.336978354347183,0.247938757972264,0.804181791432801,0.916821154149702
"mmu-miR-676-3p",3.20153961894357,-0.582174538842995,0.466182131680674,-1.24018419429027,0.214907273146884,0.49889188409098
"mmu-miR-677-5p",2.19715343117564,0.329452878243069,0.443277218255719,0.753582704001603,0.451099833196953,NA
"mmu-miR-6898-5p",0.815310471524373,-0.0364669840655128,0.313352883442431,-0.114181392594777,0.909094001990147,NA
"mmu-miR-6899-3p",1.07389916750975,0.280161014442112,0.356685143273744,0.80162896920613,0.422767615045942,NA
"mmu-miR-690",22.394739705461,1.33024672631535,0.406031892338518,3.2620169157304,0.00110622542220909,0.016435985059833
"mmu-miR-6901-5p",0.463337131785883,-0.0278320005037392,0.278623761035675,-0.0991072583023021,0.921053109171644,NA
"mmu-miR-6909-3p",0.589697585821008,0.304134892424953,0.282672561865626,1.03530204781046,0.300527873791425,NA
"mmu-miR-693-3p",0.647072296037561,0.0925811267215564,0.320415167347125,0.289997027963563,0.771818511297708,NA
"mmu-miR-6934-5p",0.792106690339945,-0.403379532203185,0.331855376325157,-1.15219805031275,0.249239698689218,NA
"mmu-miR-6939-3p",1.02072294697346,-0.0990132989676456,0.364376598699009,-0.271878281567958,0.785715611226323,NA
"mmu-miR-6940-3p",0.997343678573391,-0.288802593919299,0.352357357413838,-0.816791269060198,0.414047722574886,NA
"mmu-miR-6943-5p",0.351572796263315,-0.121905276008406,0.242290467120538,-0.457172722880799,0.647546902625511,NA
"mmu-miR-6955-5p",6.43605845377987,-0.409310756598029,0.482093284788676,-0.843859982037888,0.398747652600853,0.663572407928442
"mmu-miR-6960-5p",0.645370338834901,-0.31629970723812,0.309975279495038,-0.946680728489902,0.343801493442087,NA
"mmu-miR-6969-3p",0.645770882310076,-0.136373009272842,0.308118769342366,-0.402620781819457,0.687227219042154,NA
"mmu-miR-6970-3p",0.335538460297946,0.0441383275096959,0.237506157523485,0.183363400437903,0.854512891178193,NA
"mmu-miR-6979-3p",0.249316993664928,-0.0681315700888343,0.218020143740024,-0.277206856442552,0.781621275179384,NA
"mmu-miR-6988-3p",1.43774076892469,0.117464671416997,0.408230831662301,0.286286054947747,0.774659037898737,NA
"mmu-miR-700-3p",58.5088057551355,0.435781308446465,0.330584980675625,1.31850167318178,0.187335765316519,0.468339413291297
"mmu-miR-700-5p",52.3189560834592,0.885849566024489,0.33905175332463,2.61046150937318,0.00904201466522687,0.0726026321811409
"mmu-miR-7036b-5p",0.562452759728797,-0.0591239921333098,0.278598405697346,-0.208515357530689,0.834826592590533,NA
"mmu-miR-706",1.43618475845716,-0.313156369691797,0.406037550358589,-0.773646749899793,0.439139717992377,NA
"mmu-miR-7063-3p",0.361481872662673,0.150934519324222,0.226496728690832,0.607832396854678,0.543298640114244,NA
"mmu-miR-7072-5p",0.238115646547889,-0.0652586397040381,0.217969689120711,-0.262606766710746,0.792853683993426,NA
"mmu-miR-708-3p",0.386153411780419,0.0470776506539226,0.248309808973683,0.193006320509617,0.846954018109773,NA
"mmu-miR-708-5p",56.5676532585449,-0.285920219603994,0.333027057125828,-0.857910062143896,0.390942127618061,0.663572407928442
"mmu-miR-7089-3p",0.380019009204604,0.0465665304211277,0.247080356519486,0.191895331015041,0.84782419478972,NA
"mmu-miR-744-5p",10.0919448032673,0.994447402170384,0.471478230036611,2.09825258091007,0.0358828389787728,0.180032662939805
"mmu-miR-758-3p",0.738360707211803,0.263991657807697,0.3189611119381,0.832458801468389,0.405150023417601,NA
"mmu-miR-760-3p",0.567285748577126,-0.208175396242838,0.262187437808998,-0.714607428240576,0.474851653425418,NA
"mmu-miR-7647-5p",0.542222808994009,0.246596074834994,0.258769779903302,0.891949838244443,0.372419819637252,NA
"mmu-miR-7649-3p",0.430057929996264,-0.0126305171826764,0.25687528417936,-0.0485649573499038,0.961265996979231,NA
"mmu-miR-7655-3p",2.15845606683707,-0.013245965737307,0.444399112288828,-0.0297533370367035,0.976263773923838,NA
"mmu-miR-7657-3p",0.471398304247449,-0.0134865393690574,0.264001079661014,-0.0504634726292791,0.959753056918898,NA
"mmu-miR-7658-3p",0.961646279554242,-0.299022929567177,0.363619734349596,-0.816458221692007,0.414238108916606,NA
"mmu-miR-7658-5p",0.583563183245193,0.302367369819269,0.281970632387462,1.02757351346098,0.304150488635696,NA
"mmu-miR-7662-3p",0.959807518626254,-0.0403667777130023,0.371320038127767,-0.109638835175877,0.912695810283744,NA
"mmu-miR-7667-5p",11.6453519986772,0.449341756873021,0.447323725849878,1.00415495666012,0.315303929405608,0.595777773586178
"mmu-miR-7669-5p",0.618134655752493,-0.0985316583796442,0.317403075537268,-0.314459337962533,0.753172194797752,NA
"mmu-miR-7689-3p",0.249316993664928,-0.0681315700888343,0.218020143740024,-0.277206856442552,0.781621275179384,NA
"mmu-miR-7a-1-3p",44.6970032817971,0.67186893905022,0.350612349595142,1.91593368352665,0.0553735373798686,0.228020012216859
"mmu-miR-7a-5p",898.732430071304,-0.226791106791839,0.268489957423277,-0.844696003068742,0.398280591659793,0.663572407928442
"mmu-miR-7b-5p",62.6689096094862,-0.786574243462339,0.34126477504458,-2.3021962161277,0.0213241092730567,0.135888931642028
"mmu-miR-802-5p",2.9947336464771,-0.556205323769939,0.45603803826346,-1.24249988791435,0.214052181818556,0.49889188409098
"mmu-miR-8097",6.65740714495931,0.0415741108504283,0.478779706662032,0.0869681403244727,0.930696836465401,0.974779525030455
"mmu-miR-8112",1.29042498111811,-0.0384808288860995,0.388451761841894,-0.0991646697532743,0.92100752600685,NA
"mmu-miR-8114",20.4679056822311,0.160700859172074,0.405308224677615,0.396490488443882,0.691743223288096,0.858858043002871
"mmu-miR-872-3p",43.5516710099243,-0.207927328117604,0.35244287245328,-0.589800109653804,0.555324669173697,0.789621695499689
"mmu-miR-872-5p",8.73012627950182,0.255192934957551,0.473046263539019,0.538085023445667,0.590518351462462,0.795905574241865
"mmu-miR-873a-5p",0.690251431216734,-0.172251015594785,0.328873616338421,-0.482082395309791,0.629747415341541,NA
"mmu-miR-874-3p",2.15617467333287,-0.577563234077838,0.447409668609048,-1.29464063449515,0.195444227901351,NA
"mmu-miR-875-5p",0.516279396629282,0.156483885384326,0.286555009370004,0.520178802337982,0.602938958335845,NA
"mmu-miR-877-5p",14.5737849180337,-0.943807061773807,0.442673177719547,-2.11107520124871,0.0347658485843111,0.179347631585732
"mmu-miR-879-5p",0.249316993664928,-0.0681315700888343,0.218020143740024,-0.277206856442552,0.781621275179384,NA
"mmu-miR-9-3p",0.624269058328308,-0.0990270236653068,0.318086681483752,-0.315352174886718,0.752494274484996,NA
"mmu-miR-9-5p",16.5024993463488,1.05453035329793,0.429203745501144,2.45179739460595,0.0142144671844256,0.0982915284029432
"mmu-miR-92a-3p",5543.54162409979,0.569004953511415,0.216161184999689,2.63233135096429,0.00848011128939512,0.0725272676066688
"mmu-miR-92b-3p",8.66351749987194,-0.188253542596593,0.468445282827987,-0.400812524444361,0.688558157104586,0.858858043002871
"mmu-miR-93-3p",74.5785495601296,-0.29973156442357,0.304760957900272,-0.983148828817968,0.325534195283678,0.603762059364522
"mmu-miR-93-5p",3657.60336613931,0.152797720511255,0.219799436809799,0.695173969760034,0.486946283104703,0.734372043159228
"mmu-miR-96-5p",815.615905469849,0.0486829781718935,0.271960559895459,0.179012725932876,0.85792770925277,0.940631835139788
"mmu-miR-98-5p",76.2494644876977,-0.352969993188017,0.389182763977955,-0.907180671093921,0.364311263399808,0.63316128665742
"mmu-miR-99a-5p",44.4530651233967,-1.20609439075244,0.338867123069906,-3.53942693069591,0.000400996763941978,0.00868826321874285
"mmu-miR-99b-5p",63.09090510319,-1.59852082473702,0.372444419077159,-4.26977913832879,1.95666628063962e-05,0.00179109367191531
